<?xml version="1.0" encoding="GBK"?><!DOCTYPE mapper PUBLIC "-//mybatis.org//DTD Mapper 3.0//EN" "http://mybatis.org/dtd/mybatis-3-mapper.dtd"><!-- create by autoCode,v1.0.0 --><mapper namespace="manage.accountRank">	<select id="manage.accountRank.selectPageList" parameterType="net.jeeshop.services.manage.accountRank.bean.AccountRank" resultType="net.jeeshop.services.manage.accountRank.bean.AccountRank">	 select * from t_accountrank t where 1=1  order by id desc  limit #{offset},#{pageSize} 	</select> 	<select id="manage.accountRank.selectPageCount" parameterType="net.jeeshop.services.manage.accountRank.bean.AccountRank" resultType="java.lang.Integer">	 select count(*) from t_accountrank 	</select>		<select id="manage.accountRank.selectList" parameterType="net.jeeshop.services.manage.accountRank.bean.AccountRank" resultType="net.jeeshop.services.manage.accountRank.bean.AccountRank">	 select * from t_accountrank t where 1=1  order by id desc 	</select> 	<insert id="manage.accountRank.insert" parameterType="net.jeeshop.services.manage.accountRank.bean.AccountRank" useGeneratedKeys="true" keyProperty="id">		insert into t_accountrank		(		id,minScore,maxScore		<if test="code!=null and code!=''">		,code		</if>		<if test="name!=null and name!=''">		,name		</if>		<if test="remark!=null and remark!=''">		,remark		</if>		)		values		(		id,#{minScore},#{maxScore}		<if test="code !=null and code !=''">		,#{code}		</if>		<if test="name !=null and name !=''">		,#{name}		</if>		<if test="remark !=null and remark !=''">		,#{remark}		</if>	)</insert>	<update id="manage.accountRank.update" parameterType="net.jeeshop.services.manage.accountRank.bean.AccountRank">		update t_accountrank		  set id=#{id},minScore=#{minScore},maxScore=#{maxScore}		<if test="code !=null and code !=''">		,code=#{code}		</if>		<if test="name !=null and name !=''">		,name=#{name}		</if>		<if test="remark !=null and remark !=''">		,remark=#{remark}		</if>		 where 1=1 and id=#{id}	</update>	<select id="manage.accountRank.selectOne" parameterType="net.jeeshop.services.manage.accountRank.bean.AccountRank" resultType="net.jeeshop.services.manage.accountRank.bean.AccountRank">	 select * from t_accountrank t where 1=1 and id=#{id}	</select>	<delete id="manage.accountRank.deleteById" parameterType="net.jeeshop.services.manage.accountRank.bean.AccountRank">		delete from t_accountrank where 1=1 and id=#{id}	</delete></mapper>