<?xml version="1.0" encoding="GBK"?><!DOCTYPE mapper PUBLIC "-//mybatis.org//DTD Mapper 3.0//EN" "http://mybatis.org/dtd/mybatis-3-mapper.dtd"><!-- create by autoCode,v1.0.0 --><mapper namespace="manage.activity">	<select id="manage.activity.selectPageList" parameterType="net.jeeshop.services.manage.activity.bean.Activity" resultType="net.jeeshop.services.manage.activity.bean.Activity">	 select * from t_activity t where 1=1 	 <if test="id!=null and id!=''">	and id=#{id} 	</if>	<if test="activityType!=null and activityType!=''">	and activityType=#{activityType} 	</if>	<if test="discountType!=null and discountType!=''">	and discountType=#{discountType} 	</if>	<if test="status!=null and status!=''">	and status=#{status} 	</if> order by id desc  limit #{offset},#{pageSize} 	</select> 	<select id="manage.activity.selectPageCount" parameterType="net.jeeshop.services.manage.activity.bean.Activity" resultType="java.lang.Integer">	 select count(*) from t_activity t where 1=1 	 <if test="id!=null and id!=''">	and id=#{id} 	</if>	<if test="activityType!=null and activityType!=''">	and activityType=#{activityType} 	</if>	<if test="discountType!=null and discountType!=''">	and discountType=#{discountType} 	</if>	<if test="status!=null and status!=''">	and status=#{status} 	</if>	</select>		<select id="manage.activity.selectList" parameterType="net.jeeshop.services.manage.activity.bean.Activity" resultType="net.jeeshop.services.manage.activity.bean.Activity">	 select * from t_activity t where 1=1 	</select> 	<insert id="manage.activity.insert" parameterType="net.jeeshop.services.manage.activity.bean.Activity" useGeneratedKeys="true" keyProperty="id">		insert into t_activity		(		id,exchangeScore,minGroupCount		<if test="name!=null and name!=''">		,name		</if>		<if test="accountRange!=null and accountRange!=''">		,accountRange		</if>		<if test="startDate!=null and startDate!=''">		,startDate		</if>		<if test="endDate!=null and endDate!=''">		,endDate		</if>		<if test="content!=null and content!=''">		,content		</if>		<if test="status!=null and status!=''">		,status		</if>		<if test="catalogs!=null and catalogs!=''">		,catalogs		</if>		<if test="activityType!=null and activityType!=''">		,activityType		</if>		<if test="discountType!=null and discountType!=''">		,discountType		</if>		<if test="discount!=null and discount!=''">		,discount		</if>		<if test="minprice!=null and minprice!=''">		,minprice		</if>		<if test="maxprice!=null and maxprice!=''">		,maxprice		</if>		<if test="maxSellCount!=0">		,maxSellCount		</if>		<if test="tuanPrice!=0">		,tuanPrice		</if>		<if test="productID!=null and productID!=''">		,productID		</if>		)		values		(		id,#{exchangeScore},#{minGroupCount}		<if test="name !=null and name !=''">		,#{name}		</if>		<if test="accountRange !=null and accountRange !=''">		,#{accountRange}		</if>		<if test="startDate !=null and startDate !=''">		,#{startDate}		</if>		<if test="endDate !=null and endDate !=''">		,#{endDate}		</if>		<if test="content !=null and content !=''">		,#{content}		</if>		<if test="status !=null and status !=''">		,#{status}		</if>		<if test="catalogs !=null and catalogs !=''">		,#{catalogs}		</if>		<if test="activityType!=null and activityType!=''">		,#{activityType}		</if>		<if test="discountType !=null and discountType !=''">		,#{discountType}		</if>		<if test="discount !=null and discount !=''">		,#{discount}		</if>		<if test="minprice !=null and minprice !=''">		,#{minprice}		</if>		<if test="maxprice !=null and maxprice !=''">		,#{maxprice}		</if>		<if test="maxSellCount !=0">		,#{maxSellCount}		</if>		<if test="tuanPrice!=0">		,#{tuanPrice}		</if>		<if test="productID!=null and productID!=''">		,#{productID}		</if>	)</insert>	<update id="manage.activity.update" parameterType="net.jeeshop.services.manage.activity.bean.Activity">		update t_activity		  set id=#{id},exchangeScore=#{exchangeScore},maxSellCount=#{maxSellCount},minGroupCount=#{minGroupCount}		<if test="name !=null and name !=''">		,name=#{name}		</if>		<if test="accountRange !=null and accountRange !=''">		,accountRange=#{accountRange}		</if>		<if test="startDate !=null and startDate !=''">		,startDate=#{startDate}		</if>		<if test="endDate !=null and endDate !=''">		,endDate=#{endDate}		</if>		<if test="content !=null and content !=''">		,content=#{content}		</if>		<if test="status !=null and status !=''">		,status=#{status}		</if>		<if test="catalogs !=null and catalogs !=''">		,catalogs=#{catalogs}		</if>		<if test="activityType!=null and activityType!=''">		,activityType=#{activityType}		</if>		<if test="discountType !=null and discountType !=''">		,discountType=#{discountType}		</if>		<if test="discount !=null and discount !=''">		,discount=#{discount}		</if>		<if test="minprice !=null and minprice !=''">		,minprice=#{minprice}		</if>		<if test="maxprice !=null and maxprice !=''">		,maxprice=#{maxprice}		</if>		<if test="tuanPrice!=0">		,tuanPrice=#{tuanPrice}		</if>		<if test="productID!=null and productID!=''">		,productID=#{productID}		</if>		 where 1=1 and id=#{id}	</update>	<select id="manage.activity.selectOne" parameterType="net.jeeshop.services.manage.activity.bean.Activity" resultType="net.jeeshop.services.manage.activity.bean.Activity">	 select * from t_activity t where 1=1 and id=#{id}	</select>	<delete id="manage.activity.deleteById" parameterType="net.jeeshop.services.manage.activity.bean.Activity">		delete from t_activity where 1=1 and id=#{id}	</delete></mapper>