<?xml version="1.0" encoding="GBK"?><!DOCTYPE mapper PUBLIC "-//mybatis.org//DTD Mapper 3.0//EN" "http://mybatis.org/dtd/mybatis-3-mapper.dtd"><!-- create by autoCode,v1.0.0 --><mapper namespace="manage.account">	<select id="manage.account.selectPageList" parameterType="net.jeeshop.services.manage.account.bean.Account" resultType="net.jeeshop.services.manage.account.bean.Account">	 select t.*,(select name from t_accountRank r where t.rank=r.code) rankName 	 from t_account t where 1=1 	 <if test="account!=null and account!=''">	 	and account=#{account}	 </if>	 <if test="nickname!=null and nickname!=''">	 	and nickname like CONCAT('%','${nickname}','%' ) 	 </if>	 <if test="rank!=null and rank!=''">	 	and rank=#{rank}	 </if>	 <if test="freeze!=null and freeze!=''">	 	and freeze=#{freeze}	 </if>	 <if test="startDate!=null and startDate!=''">		and regeistDate &gt;= #{startDate}	 </if>	 <if test="endDate!=null and endDate!=''">		and regeistDate &lt;= #{endDate}	 </if> order by id desc  limit #{offset},#{pageSize} 	</select> 	<select id="manage.account.selectPageCount" parameterType="net.jeeshop.services.manage.account.bean.Account" resultType="java.lang.Integer">	 select count(*) from t_account where 1=1 	 <if test="account!=null and account!=''">	 	and account=#{account}	 </if>	 <if test="nickname!=null and nickname!=''">	 	and nickname like CONCAT('%','${nickname}','%' ) 	 </if>	 <if test="rank!=null and rank!=''">	 	and rank=#{rank}	 </if>	 <if test="freeze!=null and freeze!=''">	 	and freeze=#{freeze}	 </if>	 <if test="startDate!=null and startDate!=''">		and regeistDate &gt;= #{startDate}	 </if>	 <if test="endDate!=null and endDate!=''">		and regeistDate &lt;= #{endDate}	 </if>	</select> 	<insert id="manage.account.insert" parameterType="net.jeeshop.services.manage.account.bean.Account" useGeneratedKeys="true" keyProperty="id">		insert into t_account		(		id,lastLoginTime		<if test="account!=null and account!=''">		,account		</if>		<if test="nickname!=null and nickname!=''">		,nickname		</if>		<if test="password!=null and password!=''">		,password		</if>		<if test="city!=null and city!=''">		,city		</if>		<if test="address!=null and address!=''">		,address		</if>		<if test="postcode!=null and postcode!=''">		,postcode		</if>		<if test="cardType!=null and cardType!=''">		,cardType		</if>		<if test="cardNO!=null and cardNO!=''">		,cardNO		</if>		<if test="grade!=0">		,grade		</if>		<if test="amount!=null and amount!=''">		,amount		</if>		<if test="tel!=null and tel!=''">		,tel		</if>		<if test="email!=null and email!=''">		,email		</if>		<if test="freeze!=null and freeze!=''">		,freeze		</if>		<if test="lastLoginIp!=null and lastLoginIp!=''">		,lastLoginIp		</if>		)		values		(		id,now()		<if test="account !=null and account !=''">		,#{account}		</if>		<if test="nickname !=null and nickname !=''">		,#{nickname}		</if>		<if test="password !=null and password !=''">		,#{password}		</if>		<if test="city !=null and city !=''">		,#{city}		</if>		<if test="address !=null and address !=''">		,#{address}		</if>		<if test="postcode !=null and postcode !=''">		,#{postcode}		</if>		<if test="cardType !=null and cardType !=''">		,#{cardType}		</if>		<if test="cardNO !=null and cardNO !=''">		,#{cardNO}		</if>		<if test="grade !=0">		,#{grade}		</if>		<if test="amount !=null and amount !=''">		,#{amount}		</if>		<if test="tel !=null and tel !=''">		,#{tel}		</if>		<if test="email !=null and email !=''">		,#{email}		</if>		<if test="freeze!=null and freeze!=''">		,#{freeze}		</if>		<if test="lastLoginIp!=null and lastLoginIp!=''">		,#{lastLoginIp}		</if>	)</insert>		<update id="manage.account.update" parameterType="net.jeeshop.services.manage.account.bean.Account">		update t_account		  set id=#{id}		<if test="account !=null and account !=''">		,account=#{account}		</if>		<if test="nickname !=null and nickname !=''">		,nickname=#{nickname}		</if>		<if test="password !=null and password !=''">		,password=#{password}		</if>		<if test="city !=null and city !=''">		,city=#{city}		</if>		<if test="address !=null and address !=''">		,address=#{address}		</if>		<if test="postcode !=null and postcode !=''">		,postcode=#{postcode}		</if>		<if test="cardType !=null and cardType !=''">		,cardType=#{cardType}		</if>		<if test="cardNO !=null and cardNO !=''">		,cardNO=#{cardNO}		</if>		<if test="grade !=0">		,grade=#{grade}		</if>		<if test="amount !=null and amount !=''">		,amount=#{amount}		</if>		<if test="tel !=null and tel !=''">		,tel=#{tel}		</if>		<if test="email !=null and email !=''">		,email=#{email}		</if>		<if test="freeze!=null and freeze!=''">		,freeze=#{freeze}		</if>		<if test="lastLoginTime!=null and lastLoginTime!=''">		,lastLoginTime=now()		</if>		<if test="lastLoginIp!=null and lastLoginIp!=''">		,lastLoginIp=#{lastLoginIp}		</if>		<if test="lastLoginArea!=null and lastLoginArea!=''">		,lastLoginArea=#{lastLoginArea}		</if>		<if test="diffAreaLogin!=null and diffAreaLogin!=''">		,diffAreaLogin=#{diffAreaLogin}		</if>				<if test="freezeStartdate!=null and freezeStartdate!=''">		,freezeStartdate=#{freezeStartdate}		</if>		<if test="freezeEnddate!=null and freezeEnddate!=''">		,freezeEnddate=#{freezeEnddate}		</if>		 where 1=1 and id=#{id}	</update>		<select id="manage.account.selectOne" parameterType="net.jeeshop.services.manage.account.bean.Account" resultType="net.jeeshop.services.manage.account.bean.Account">	 select * 	 from t_account t where 1=1 	 <if test="id!=null and id!=''">	 	and id=#{id}	 </if>	 <if test="account!=null and account!=''">	 	and account=#{account}	 </if>	 <if test="password!=null and password!=''">	 	and password=#{password}	 </if>	</select>		<select id="manage.account.selectById" parameterType="string" resultType="net.jeeshop.services.manage.account.bean.Account">	 select * from t_account t where 1=1 and id=#{id} 	</select>		<delete id="manage.account.deleteById" parameterType="net.jeeshop.services.manage.account.bean.Account">		delete from t_account where 1=1 and id=#{id}	</delete></mapper>