<?xml version="1.0" encoding="GBK"?><!DOCTYPE mapper PUBLIC "-//mybatis.org//DTD Mapper 3.0//EN" "http://mybatis.org/dtd/mybatis-3-mapper.dtd"><!-- create by autoCode,v1.0.0 --><mapper namespace="manage.advert">	<select id="manage.advert.selectPageList" parameterType="net.jeeshop.services.manage.advert.bean.Advert" resultType="net.jeeshop.services.manage.advert.bean.Advert">	 select * 	 from t_advert t where 1=1 	 <if test="title!=null and title!=''"> and title=#{title} </if>	 <if test="code!=null and code!=''"> and code=#{code} </if> order by id desc  limit #{offset},#{pageSize} 	</select> 	<select id="manage.advert.selectPageCount" parameterType="net.jeeshop.services.manage.advert.bean.Advert" resultType="java.lang.Integer">	select count(*) from t_advert where 1=1 	 <if test="title!=null and title!=''"> and title=#{title} </if>	 <if test="code!=null and code!=''"> and code=#{code} </if>	</select>		<select id="manage.advert.selectList" parameterType="net.jeeshop.services.manage.advert.bean.Advert" resultType="net.jeeshop.services.manage.advert.bean.Advert">	 select * 	 from t_advert t where 1=1 	 <if test="status!=null and status!=''"> and t.status=#{status}</if>  order by id 	</select> 	<insert id="manage.advert.insert" parameterType="net.jeeshop.services.manage.advert.bean.Advert" useGeneratedKeys="true" keyProperty="id">		insert into t_advert		(		id		<if test="title!=null and title!=''">		,title		</if>		<if test="code!=null and code!=''">		,code		</if>		<if test="remark!=null and remark!=''">		,remark		</if>		<if test="html!=null and html!=''">		,html		</if>		<if test="startdate!=null and startdate!=''">		,startdate		</if>		<if test="enddate!=null and enddate!=''">		,enddate		</if>		<if test="status!=null and status!=''">		,status		</if>		<if test="useImagesRandom!=null and useImagesRandom!=''">		,useImagesRandom		</if>		)		values		(			id		<if test="title !=null and title !=''">		,#{title}		</if>		<if test="code !=null and code !=''">		,#{code}		</if>		<if test="remark !=null and remark !=''">		,#{remark}		</if>		<if test="html !=null and html !=''">		,#{html}		</if>		<if test="startdate!=null and startdate!=''">		,#{startdate}		</if>		<if test="enddate!=null and enddate!=''">		,#{enddate}		</if>		<if test="status!=null and status!=''">		,#{status}		</if>		<if test="useImagesRandom!=null and useImagesRandom!=''">		,#{useImagesRandom}		</if>	)</insert>	<update id="manage.advert.update" parameterType="net.jeeshop.services.manage.advert.bean.Advert">		update t_advert		  set id=#{id}		<if test="title !=null and title !=''">		,title=#{title}		</if>		<if test="code !=null and code !=''">		,code=#{code}		</if>		<if test="remark !=null and remark !=''">		,remark=#{remark}		</if>		<if test="html !=null and html !=''">		,html=#{html}		</if>		<if test="startdate!=null and startdate!=''">		,startdate=#{startdate}		</if>		<if test="enddate!=null and enddate!=''">		,enddate=#{enddate}		</if>		<if test="status!=null and status!=''">		,status=#{status}		</if>		<if test="useImagesRandom!=null and useImagesRandom!=''">		,useImagesRandom=#{useImagesRandom}		</if>		 where 1=1 and id=#{id}	</update>	<select id="manage.advert.selectOne" parameterType="net.jeeshop.services.manage.advert.bean.Advert" resultType="net.jeeshop.services.manage.advert.bean.Advert">	 select * 	 from t_advert t where 1=1 and id=#{id}	</select>	<delete id="manage.advert.deleteById" parameterType="net.jeeshop.services.manage.advert.bean.Advert">		delete from t_advert where 1=1 and id=#{id}	</delete></mapper>