<?xml version="1.0" encoding="GBK"?><!DOCTYPE mapper PUBLIC "-//mybatis.org//DTD Mapper 3.0//EN" "http://mybatis.org/dtd/mybatis-3-mapper.dtd"><!-- create by autoCode,v1.0.0 --><mapper namespace="manage.attribute">	<select id="manage.attribute.selectPageList" parameterType="net.jeeshop.services.manage.attribute.bean.Attribute" resultType="net.jeeshop.services.manage.attribute.bean.Attribute">	 select t.*,(select c.name from t_catalog c where c.id=t.catalogID) catalogName 	 from t_attribute t where 1=1  and pid=#{pid} 	 <if test="catalogID!=0">	 	and catalogID=#{catalogID} 	 </if> order by id desc  limit #{offset},#{pageSize} 	</select> 	<select id="manage.attribute.selectPageCount" parameterType="net.jeeshop.services.manage.attribute.bean.Attribute" resultType="java.lang.Integer">	 select count(*) from t_attribute t where 1=1 and pid=#{pid} 	 <if test="catalogID!=0">	 	and catalogID=#{catalogID} 	 </if>	</select> 	<insert id="manage.attribute.insert" parameterType="net.jeeshop.services.manage.attribute.bean.Attribute" useGeneratedKeys="true" keyProperty="id">		insert into t_attribute		(id,catalogID,order1,name,pid)		values		(id,#{catalogID},#{order1},#{name},#{pid})	</insert>		<select id="manage.attribute.selectList" parameterType="net.jeeshop.services.manage.attribute.bean.Attribute" resultType="net.jeeshop.services.manage.attribute.bean.Attribute">	 select * from t_attribute t where 1=1 and pid=#{pid} 	 <if test="id!=null and id!=''">	 	and id=#{id}	 </if>	 <if test="catalogID!=0">	 	and catalogID=#{catalogID}	 </if>	  order by order1  	</select>		<update id="manage.attribute.update" parameterType="net.jeeshop.services.manage.attribute.bean.Attribute">		update t_attribute		  set id=#{id},order1=#{order1}		<if test="name !=null and name !=''">		,name=#{name}		</if>		<if test="catalogID !=0">		,catalogID=#{catalogID}		</if>		<if test="pid !=0">		,pid=#{pid}		</if>		 where 1=1 and id=#{id}	</update>	<select id="manage.attribute.selectOne" parameterType="net.jeeshop.services.manage.attribute.bean.Attribute" resultType="net.jeeshop.services.manage.attribute.bean.Attribute">	 select * 	 from t_attribute t where 1=1  	 <if test="id!=null and id!=''">	 	and id=#{id}	 </if>	 <if test="pid!=0">	 	and pid=#{pid}	 </if>	 <if test="catalogID!=0">	 	and catalogID=#{catalogID}	 </if>	</select>		<select id="manage.attribute.selectById" parameterType="string" resultType="net.jeeshop.services.manage.attribute.bean.Attribute">	 select * from t_attribute t where 1=1 and id=#{id}	</select>		<delete id="manage.attribute.deleteById" parameterType="int">		delete from t_attribute where 1=1 and id=#{id}	</delete>		<delete id="manage.attribute.deleteByPid" parameterType="int">		delete from t_attribute where 1=1 and pid=#{pid}	</delete>		<select id="manage.attribute.selectCount" parameterType="net.jeeshop.services.manage.attribute.bean.Attribute" resultType="int">		select count(*) from t_attribute where 1=1 		 <if test="pid!=0">	 	  and pid=#{pid}		 </if>		 <if test="catalogID!=0">		 	and catalogID=#{catalogID}		 </if>	</select>	<!-- 	<delete id="manage.attribute.deleteAllById" parameterType="int"> --><!-- 		BEGIN delete from t_attribute_link where attrID in (SELECT id FROM t_attribute where pid=#{id}); --><!-- 		delete from t_attribute where 1=1 and pid=#{id}; --><!-- 		delete from t_attribute where 1=1 and id=#{id}; --><!-- 		end; --><!-- 	</delete> -->		</mapper>