<?xml version="1.0" encoding="GBK"?><!DOCTYPE mapper PUBLIC "-//mybatis.org//DTD Mapper 3.0//EN" "http://mybatis.org/dtd/mybatis-3-mapper.dtd"><!-- create by autoCode,v1.0.0 --><mapper namespace="manage.catalog">	<select id="manage.catalog.selectPageList" parameterType="net.jeeshop.services.manage.catalog.bean.Catalog" resultType="net.jeeshop.services.manage.catalog.bean.Catalog">	 select t.*,(select count(*) from t_product p where p.catalogID=t.id) productNum 	 from t_catalog t where 1=1 	 <if test="pid!=null and pid!=''">		 and pid=#{pid}	 </if>	 <if test="type!=null and type!=''">		 and type=#{type}	 </if>   order by order1  limit #{offset},#{pageSize} 	</select> 	<select id="manage.catalog.selectPageCount" parameterType="net.jeeshop.services.manage.catalog.bean.Catalog" resultType="java.lang.Integer">	 select count(*) from t_catalog t where 1=1 	 <if test="pid!=null and pid!=''">		 and pid=#{pid}	 </if>	 <if test="type!=null and type!=''">		 and type=#{type}	 </if>	</select> 	<insert id="manage.catalog.insert" parameterType="net.jeeshop.services.manage.catalog.bean.Catalog" useGeneratedKeys="true" keyProperty="id">		insert into t_catalog		(		id,pid		<if test="name!=null and name!=''">		,name		</if>		<if test="code!=null and code!=''">		,code		</if>		<if test="type !=null and type !=''">		,type		</if>		<if test="showInNav !=null and showInNav !=''">		,showInNav		</if>		<if test="order1!=0">		,order1		</if>		)		values		(		id,#{pid}		<if test="name !=null and name !=''">		,#{name}		</if>		<if test="code!=null and code!=''">		,#{code}		</if>		<if test="type !=null and type !=''">		,#{type}		</if>		<if test="showInNav !=null and showInNav !=''">		,#{showInNav}		</if>		<if test="order1 !=0">		,#{order1}		</if>	)</insert>	<update id="manage.catalog.update" parameterType="net.jeeshop.services.manage.catalog.bean.Catalog">		update t_catalog		  set id=#{id}		<if test="name !=null and name !=''">		,name=#{name}		</if>		<if test="code !=null and code !=''">		,code=#{code}		</if>		<if test="type !=null and type !=''">		,type=#{type}		</if>		<if test="showInNav !=null and showInNav !=''">		,showInNav=#{showInNav}		</if>		<if test="order1 !=0">		,order1=#{order1}		</if>		 where 1=1 and id=#{id}	</update>		<select id="manage.catalog.selectOne" parameterType="net.jeeshop.services.manage.catalog.bean.Catalog" resultType="net.jeeshop.services.manage.catalog.bean.Catalog">	 select * 	 from t_catalog t where 1=1 	 <if test="id!=null and id!=''"> and id=#{id} </if>	 <if test="code!=null and code!=''"> and code=#{code} </if>	</select>		<select id="manage.catalog.selectList" parameterType="net.jeeshop.services.manage.catalog.bean.Catalog" resultType="net.jeeshop.services.manage.catalog.bean.Catalog">	 select t.*,(select count(*) from t_product p where p.catalogID=t.id) productNum  from t_catalog t where 1=1 	 <if test="pid!=null and pid!=''">		 and pid=#{pid}	 </if>	 <if test="type!=null and type!=''">		 and type=#{type}	 </if>	  order by order1 	</select>		<delete id="manage.catalog.deleteById" parameterType="net.jeeshop.services.manage.catalog.bean.Catalog">		delete from t_catalog where 1=1 and id=#{id}	</delete>		<delete id="manage.catalog.deleteByIds" parameterType="list">		delete from t_catalog where 1=1 and id in 		<foreach item="item" index="index" collection="list" open="(" separator="," close=")">    			#{item}   		</foreach>	</delete></mapper>