<?xml version="1.0" encoding="GBK"?><!DOCTYPE mapper PUBLIC "-//mybatis.org//DTD Mapper 3.0//EN" "http://mybatis.org/dtd/mybatis-3-mapper.dtd"><!-- create by autoCode,v1.0.0 --><mapper namespace="manage.commentType">	<select id="manage.commentType.selectPageList" parameterType="net.jeeshop.services.manage.commentType.bean.CommentType" resultType="net.jeeshop.services.manage.commentType.bean.CommentType">	 select * 	 from t_commenttype t where 1=1  order by id  limit #{offset},#{pageSize} 	</select> 	<select id="manage.commentType.selectPageCount" parameterType="net.jeeshop.services.manage.commentType.bean.CommentType" resultType="java.lang.Integer">	 select count(*) from t_commenttype t where 1=1 	</select> 	<insert id="manage.commentType.insert" parameterType="net.jeeshop.services.manage.commentType.bean.CommentType" useGeneratedKeys="true" keyProperty="id">		insert into t_commenttype		(		id		<if test="name!=null and name!=''">		,name		</if>		<if test="code!=null and code!=''">		,code		</if>		<if test="status!=null and status!=''">		,status		</if>		)		values		(		id		<if test="name !=null and name !=''">		,#{name}		</if>		<if test="code !=null and code !=''">		,#{code}		</if>		<if test="status !=null and status !=''">		,#{status}		</if>	)</insert>	<update id="manage.commentType.update" parameterType="net.jeeshop.services.manage.commentType.bean.CommentType">		update t_commenttype		  set id=#{id}		<if test="name !=null and name !=''">		,name=#{name}		</if>		<if test="code !=null and code !=''">		,code=#{code}		</if>		<if test="status !=null and status !=''">		,status=#{status}		</if>		 where 1=1 and id=#{id}	</update>		<update id="manage.commentType.updateAllN" >		update t_commenttype set status='n' where 1=1 	</update>		<select id="manage.commentType.selectOne" parameterType="net.jeeshop.services.manage.commentType.bean.CommentType" resultType="net.jeeshop.services.manage.commentType.bean.CommentType">	 select 		t.id "id",		t.name "name",		t.code "code",		t.status "status"	 from t_commenttype t where 1=1 and id=#{id}	</select>	<delete id="manage.commentType.deleteById" parameterType="net.jeeshop.services.manage.commentType.bean.CommentType"><!-- 		delete from t_commenttype where 1=1 and id=#{id} -->	</delete></mapper>