<?xml version="1.0" encoding="GBK"?><!DOCTYPE mapper PUBLIC "-//mybatis.org//DTD Mapper 3.0//EN" "http://mybatis.org/dtd/mybatis-3-mapper.dtd"><!-- create by autoCode,v1.0.0 --><mapper namespace="manage.comment">	<select id="manage.comment.selectPageList" parameterType="net.jeeshop.services.manage.comment.bean.Comment" resultType="net.jeeshop.services.manage.comment.bean.Comment">	 select * 	 from t_comment t where 1=1 	 <if test="selectCommentFromIndex">	 	and reply is null 	 </if>	 <if test="account!=null and account!=''">	 	and account=#{account}	 </if>	 <if test="productID!=null and productID!=''">	 	and productID=#{productID}	 </if>	 <if test="orderID!=null and orderID!=''">	 	and orderID=#{orderID}	 </if>	 <if test="status!=null and status!=''">	 	and status=#{status}	 </if> order by id desc  limit #{offset},#{pageSize} 	</select> 	<select id="manage.comment.selectPageCount" parameterType="net.jeeshop.services.manage.comment.bean.Comment" resultType="java.lang.Integer">	 select count(*) from t_comment where 1=1 	 <if test="selectCommentFromIndex">	 	and reply is null 	 </if>	 <if test="account!=null and account!=''">	 	and account=#{account}	 </if>	 <if test="productID!=null and productID!=''">	 	and productID=#{productID}	 </if>	 <if test="orderID!=null and orderID!=''">	 	and orderID=#{orderID}	 </if>	 <if test="status!=null and status!=''">	 	and status=#{status}	 </if>	</select> 	<insert id="manage.comment.insert" parameterType="net.jeeshop.services.manage.comment.bean.Comment" useGeneratedKeys="true" keyProperty="id">		insert into t_comment		(		id		<if test="productID!=null and productID!=''">		,productID		</if>		<if test="account!=null and account!=''">		,account		</if>		<if test="orderID!=null and orderID!=''">		,orderID		</if>		<if test="orderdetailID!=null and orderdetailID!=''">		,orderdetailID		</if>		<if test="content!=null and content!=''">		,content		</if>		<if test="createdate!=null and createdate!=''">		,createdate		</if>		<if test="star!=0">		,star		</if>		<if test="status!=null and status!=''">		,status		</if>		)		values		(		id		<if test="productID !=null and productID!=''">		,#{productID}		</if>		<if test="account !=null and account !=''">		,#{account}		</if>		<if test="orderID !=null and orderID!=''">		,#{orderID}		</if>		<if test="orderdetailID !=nul and orderdetailID!=''">		,#{orderdetailID}		</if>		<if test="content !=null and content !=''">		,#{content}		</if>		<if test="createdate !=null and createdate !=''">		,#{createdate}		</if>		<if test="star !=0">		,#{star}		</if>		<if test="status!=null and status!=''">		,#{status}		</if>	)</insert>		<update id="manage.comment.update" parameterType="net.jeeshop.services.manage.comment.bean.Comment">		update t_comment		  set id=#{id}		<if test="productID !=null and productID!=''">		,productID=#{productID}		</if>		<if test="account !=null and account !=''">		,account=#{account}		</if>		<if test="orderID !=null and orderID!=''">		,orderID=#{orderID}		</if>		<if test="orderdetailID !=null and orderdetailID!=''">		,orderdetailID=#{orderdetailID}		</if>		<if test="content !=null and content !=''">		,content=#{content}		</if>		<if test="createdate !=null and createdate !=''">		,createdate=#{createdate}		</if>		<if test="star !=0">		,star=#{star}		</if>		<if test="status!=null and status!=''">		,status=#{status}		</if>		<if test="reply!=null and reply!=''">		,reply=#{reply}		</if>		 where 1=1 and id=#{id}	</update>		<select id="manage.comment.selectOne" parameterType="net.jeeshop.services.manage.comment.bean.Comment" resultType="net.jeeshop.services.manage.comment.bean.Comment">	 select *  from t_comment t where 1=1 and id=#{id}	</select>		<delete id="manage.comment.deleteById" parameterType="net.jeeshop.services.manage.comment.bean.Comment">		delete from t_comment where 1=1 and id=#{id}	</delete>		<select id="manage.comment.selectNotReplyCount" resultType="int">	 select count(*) from t_comment t where 1=1 and reply is null	</select>		<update id="manage.comment.updateStatus" parameterType="net.jeeshop.services.manage.comment.bean.Comment">		update t_comment set status=#{status} where 1=1 and id=#{id}	</update>	</mapper>