<?xml version="1.0" encoding="GBK"?><!DOCTYPE mapper PUBLIC "-//mybatis.org//DTD Mapper 3.0//EN" "http://mybatis.org/dtd/mybatis-3-mapper.dtd"><!-- create by autoCode,v1.0.0 --><mapper namespace="manage.emailNotifyProduct">	<select id="manage.emailNotifyProduct.selectPageList" parameterType="net.jeeshop.services.manage.emailNotifyProduct.bean.EmailNotifyProduct" resultType="net.jeeshop.services.manage.emailNotifyProduct.bean.EmailNotifyProduct">	 select * from t_emailnotifyproduct t where 1=1 	 <if test="account!=null and account!=''"> and account=#{account} </if>	 <if test="receiveEmail!=null and receiveEmail!=''"> and receiveEmail=#{receiveEmail} </if>	 <if test="status!=null and status!=''"> and status=#{status} </if> order by id desc  limit #{offset},#{pageSize} 	</select> 	<select id="manage.emailNotifyProduct.selectPageCount" parameterType="net.jeeshop.services.manage.emailNotifyProduct.bean.EmailNotifyProduct" resultType="java.lang.Integer">	 select count(*) from t_emailnotifyproduct where 1=1 	 <if test="account!=null and account!=''"> and account=#{account} </if>	 <if test="receiveEmail!=null and receiveEmail!=''"> and receiveEmail=#{receiveEmail} </if>	 <if test="status!=null and status!=''"> and status=#{status} </if>	</select>		<select id="manage.emailNotifyProduct.selectList" parameterType="net.jeeshop.services.manage.emailNotifyProduct.bean.EmailNotifyProduct" resultType="net.jeeshop.services.manage.emailNotifyProduct.bean.EmailNotifyProduct">	 select * from t_emailnotifyproduct t where 1=1 and sendFailureCount&lt;3  	 <if test="account!=null and account!=''"> and account=#{account} </if>	 <if test="receiveEmail!=null and receiveEmail!=''"> and receiveEmail=#{receiveEmail} </if>	 <if test="status!=null and status!=''"> and status=#{status} </if> order by id desc 	</select> 	<update id="manage.emailNotifyProduct.update" parameterType="net.jeeshop.services.manage.emailNotifyProduct.bean.EmailNotifyProduct">		update t_emailnotifyproduct		  set id=#{id}		<if test="account !=null and account !=''">		,account=#{account}		</if>		<if test="receiveEmail !=null and receiveEmail !=''">		,receiveEmail=#{receiveEmail}		</if>		<if test="productID !=null and productID !=''">		,productID=#{productID}		</if>		<if test="productName !=null and productName !=''">		,productName=#{productName}		</if>		<if test="createdate !=null and createdate !=''">		,createdate=#{createdate}		</if>		<if test="notifydate !=null and notifydate !=''">		,notifydate=now()		</if>		<if test="status !=null and status !=''">		,status=#{status}		</if>		<if test="sendFailureCount!=0">		,sendFailureCount=#{sendFailureCount}		</if>		<if test="dbFaildureAdd">		,sendFailureCount=sendFailureCount+1		</if>		 where 1=1 and id=#{id}	</update>		<select id="manage.emailNotifyProduct.selectOne" parameterType="net.jeeshop.services.manage.emailNotifyProduct.bean.EmailNotifyProduct" resultType="net.jeeshop.services.manage.emailNotifyProduct.bean.EmailNotifyProduct">	 select * from t_emailnotifyproduct t where 1=1 and id=#{id}	</select>		<delete id="manage.emailNotifyProduct.deleteById" parameterType="net.jeeshop.services.manage.emailNotifyProduct.bean.EmailNotifyProduct">		delete from t_emailnotifyproduct where 1=1 and id=#{id}	</delete>		<select id="manage.emailNotifyProduct.selectById" parameterType="string" resultType="net.jeeshop.services.manage.emailNotifyProduct.bean.EmailNotifyProduct">	 select * from t_emailnotifyproduct t where 1=1 and id=#{id}	</select></mapper>