<?xml version="1.0" encoding="GBK"?><!DOCTYPE mapper PUBLIC "-//mybatis.org//DTD Mapper 3.0//EN" "http://mybatis.org/dtd/mybatis-3-mapper.dtd"><!-- create by autoCode,v1.0.0 --><mapper namespace="manage.gift">	<select id="manage.gift.selectPageList" parameterType="net.jeeshop.services.manage.gift.bean.Gift" resultType="net.jeeshop.services.manage.gift.bean.Gift">	 select * from t_gift t where 1=1 	 <if test="status!=null and status!=''"> and status=#{status} </if>	 <if test="giftName!=null and giftName!=''">		and giftName like CONCAT('%','${giftName}','%' )	</if> order by id desc  limit #{offset},#{pageSize} 	</select> 	<select id="manage.gift.selectPageCount" parameterType="net.jeeshop.services.manage.gift.bean.Gift" resultType="java.lang.Integer">	 select count(*) from t_gift t where 1=1 	 <if test="status!=null and status!=''"> and status=#{status} </if>	 <if test="giftName!=null and giftName!=''">		and giftName like CONCAT('%','${giftName}','%' )	</if>	</select>		<select id="manage.gift.selectList" parameterType="net.jeeshop.services.manage.gift.bean.Gift" resultType="net.jeeshop.services.manage.gift.bean.Gift">	 select * from t_gift t where 1=1 	 <if test="status!=null and status!=''"> and status=#{status} </if> order by id desc 	</select> 	<insert id="manage.gift.insert" parameterType="net.jeeshop.services.manage.gift.bean.Gift" useGeneratedKeys="true" keyProperty="id">		insert into t_gift		(		id,createtime		<if test="giftName!=null and giftName!=''">		,giftName		</if>		<if test="giftPrice!=null and giftPrice!=''">		,giftPrice		</if>		<if test="createAccount!=null and createAccount!=''">		,createAccount		</if>		<if test="status!=null and status!=''">		,status		</if>		<if test="picture!=null and picture!=''">		,picture		</if>		)		values		(		id,now()		<if test="giftName !=null and giftName !=''">		,#{giftName}		</if>		<if test="giftPrice !=null and giftPrice !=''">		,#{giftPrice}		</if>		<if test="createAccount !=null and createAccount !=''">		,#{createAccount}		</if>		<if test="status !=null and status !=''">		,#{status}		</if>		<if test="picture!=null and picture!=''">		,#{picture}		</if>	)</insert>		<update id="manage.gift.update" parameterType="net.jeeshop.services.manage.gift.bean.Gift">		update t_gift		  set id=#{id},updatetime=now()		<if test="giftName !=null and giftName !=''">		,giftName=#{giftName}		</if>		<if test="giftPrice !=null and giftPrice !=''">		,giftPrice=#{giftPrice}		</if>		<if test="updateAccount !=null and updateAccount !=''">		,updateAccount=#{updateAccount}		</if>		<if test="status !=null and status !=''">		,status=#{status}		</if>		<if test="picture!=null and picture!=''">		,picture=#{picture}		</if>		 where 1=1 and id=#{id}	</update>		<select id="manage.gift.selectOne" parameterType="net.jeeshop.services.manage.gift.bean.Gift" resultType="net.jeeshop.services.manage.gift.bean.Gift">	 select * from t_gift t where 1=1 and id=#{id}	</select>		<select id="manage.gift.selectById" parameterType="string" resultType="net.jeeshop.services.manage.gift.bean.Gift">	 select * from t_gift t where 1=1 and status='up' and id=#{id}	</select>		<delete id="manage.gift.deleteById" parameterType="net.jeeshop.services.manage.gift.bean.Gift">		delete from t_gift where 1=1 and id=#{id}	</delete></mapper>