<?xml version="1.0" encoding="GBK"?><!DOCTYPE mapper PUBLIC "-//mybatis.org//DTD Mapper 3.0//EN" "http://mybatis.org/dtd/mybatis-3-mapper.dtd"><!-- create by autoCode,v1.0.0 --><mapper namespace="manage.hotquery">	<select id="manage.hotquery.selectPageList" parameterType="net.jeeshop.services.manage.hotquery.bean.Hotquery" resultType="net.jeeshop.services.manage.hotquery.bean.Hotquery">	 select 		t.id "id",		t.key1 "key1",		t.url "url"	 from t_hotquery t where 1=1  order by id desc  limit #{offset},#{pageSize} 	</select> 	<select id="manage.hotquery.selectPageCount" parameterType="net.jeeshop.services.manage.hotquery.bean.Hotquery" resultType="java.lang.Integer">	 select count(*) from t_hotquery t where 1=1 	</select>		<select id="manage.hotquery.selectList" parameterType="net.jeeshop.services.manage.hotquery.bean.Hotquery" resultType="net.jeeshop.services.manage.hotquery.bean.Hotquery">	 select * from t_hotquery t where 1=1 	</select> 	<insert id="manage.hotquery.insert" parameterType="net.jeeshop.services.manage.hotquery.bean.Hotquery" useGeneratedKeys="true" keyProperty="id">		insert into t_hotquery		(		id		<if test="key1!=null and key1!=''">		,key1		</if>		<if test="url!=null and url!=''">		,url		</if>		)		values		(		id		<if test="key1 !=null and key1 !=''">		,#{key1}		</if>		<if test="url !=null and url !=''">		,#{url}		</if>	)</insert>	<update id="manage.hotquery.update" parameterType="net.jeeshop.services.manage.hotquery.bean.Hotquery">		update t_hotquery		  set id=#{id}		<if test="key1 !=null and key1 !=''">		,key1=#{key1}		</if>		<if test="url !=null and url !=''">		,url=#{url}		</if>		 where 1=1 and id=#{id}	</update>	<select id="manage.hotquery.selectOne" parameterType="net.jeeshop.services.manage.hotquery.bean.Hotquery" resultType="net.jeeshop.services.manage.hotquery.bean.Hotquery">	 select 		t.id "id",		t.key1 "key1",		t.url "url"	 from t_hotquery t where 1=1 and id=#{id}	</select>	<delete id="manage.hotquery.deleteById" parameterType="net.jeeshop.services.manage.hotquery.bean.Hotquery">		delete from t_hotquery where 1=1 and id=#{id}	</delete></mapper>