<?xml version="1.0" encoding="GBK"?><!DOCTYPE mapper PUBLIC "-//mybatis.org//DTD Mapper 3.0//EN" "http://mybatis.org/dtd/mybatis-3-mapper.dtd"><!-- create by autoCode,v1.0.0 --><mapper namespace="manage.keyvalue">	<select id="manage.keyvalue.selectPageList" parameterType="net.jeeshop.services.manage.keyvalue.bean.Keyvalue" resultType="net.jeeshop.services.manage.keyvalue.bean.Keyvalue">	 select 		t.id "id",		t.key1 "key1",		t.value "value"	 from t_keyvalue t where 1=1 	 <if test="key1!=null and key1!=''">	 	and t.key1 like CONCAT('%','${key1}','%' ) 	 </if>	 <if test="value!=null and value!=''"> and value=#{value}</if> order by id desc  limit #{offset},#{pageSize} 	</select> 	<select id="manage.keyvalue.selectPageCount" parameterType="net.jeeshop.services.manage.keyvalue.bean.Keyvalue" resultType="java.lang.Integer">	 select count(*) from (select 1 	 from t_keyvalue t where 1=1 	 <if test="key1!=null and key1!=''">	 	and t.key1 like CONCAT('%','${key1}','%' ) 	 </if>	 <if test="value!=null and value!=''"> and value=#{value}</if>	 ) a 	</select>		<select id="manage.keyvalue.selectList" parameterType="net.jeeshop.services.manage.keyvalue.bean.Keyvalue" resultType="net.jeeshop.services.manage.keyvalue.bean.Keyvalue">	 select * 	 from t_keyvalue t where 1=1 	 <if test="key1!=null and key1!=''">	 	and t.key1 like CONCAT('%','${key1}','%' ) 	 </if>	</select> 	<insert id="manage.keyvalue.insert" parameterType="net.jeeshop.services.manage.keyvalue.bean.Keyvalue" useGeneratedKeys="true" keyProperty="id">		insert into t_keyvalue		(		id		<if test="key1!=null and key1!=''">		,key1		</if>		<if test="value!=null and value!=''">		,value		</if>		)		values		(		id		<if test="key1 !=null and key1 !=''">		,#{key1}		</if>		<if test="value !=null and value !=''">		,#{value}		</if>	)</insert>	<update id="manage.keyvalue.update" parameterType="net.jeeshop.services.manage.keyvalue.bean.Keyvalue">		update t_keyvalue		  set id=#{id}		<if test="key1 !=null and key1 !=''">		,key1=#{key1}		</if>		<if test="value !=null and value !=''">		,value=#{value}		</if>		 where 1=1 and id=#{id} 	</update>	<select id="manage.keyvalue.selectOne" parameterType="net.jeeshop.services.manage.keyvalue.bean.Keyvalue" resultType="net.jeeshop.services.manage.keyvalue.bean.Keyvalue">	 select 		t.id "id",		t.key1 "key1",		t.value "value"	 from t_keyvalue t where 1=1 and id=#{id} 	 <if test="key1!=null and key1!=''"> and key1=#{key1}</if>	 <if test="value!=null and value!=''"> and value=#{value}</if>	</select>	<delete id="manage.keyvalue.deleteById" parameterType="net.jeeshop.services.manage.keyvalue.bean.Keyvalue">		delete from t_keyvalue where 1=1 and id=#{id} 	</delete></mapper>