<?xml version="1.0" encoding="GBK"?><!DOCTYPE mapper PUBLIC "-//mybatis.org//DTD Mapper 3.0//EN" "http://mybatis.org/dtd/mybatis-3-mapper.dtd"><!-- create by autoCode,v1.0.0 --><mapper namespace="manage.navigation">	<select id="manage.navigation.selectPageList" parameterType="net.jeeshop.services.manage.navigation.bean.Navigation" resultType="net.jeeshop.services.manage.navigation.bean.Navigation">	 select * 	 from t_navigation t where 1=1  order by order1   limit #{offset},#{pageSize} 	</select> 	<select id="manage.navigation.selectPageCount" parameterType="net.jeeshop.services.manage.navigation.bean.Navigation" resultType="java.lang.Integer">	 select count(*) from t_navigation	</select>		<select id="manage.navigation.selectList" parameterType="net.jeeshop.services.manage.navigation.bean.Navigation" resultType="net.jeeshop.services.manage.navigation.bean.Navigation">	 select * from t_navigation t where 1=1 order by order1	</select> 	<insert id="manage.navigation.insert" parameterType="net.jeeshop.services.manage.navigation.bean.Navigation" useGeneratedKeys="true" keyProperty="id">		insert into t_navigation		(		id		<if test="name!=null and name!=''">		,name		</if>		<if test="target!=null and target!=''">		,target		</if>		<if test="position!=null and position!=''">		,position		</if>		<if test="desc1!=null and desc1!=''">		,desc1		</if>		<if test="order1!=0">		,order1		</if>		<if test="http!=null and http!=''">		,http		</if>		)		values		(		id		<if test="name !=null and name !=''">		,#{name}		</if>		<if test="target !=null and target !=''">		,#{target}		</if>		<if test="position !=null and position !=''">		,#{position}		</if>		<if test="desc1 !=null and desc1 !=''">		,#{desc1}		</if>		<if test="order1 !=0">		,#{order1}		</if>		<if test="http!=null and http!=''">		,#{http}		</if>	)</insert>	<update id="manage.navigation.update" parameterType="net.jeeshop.services.manage.navigation.bean.Navigation">		update t_navigation		  set id=#{id}		<if test="name !=null and name !=''">		,name=#{name}		</if>		<if test="target !=null and target !=''">		,target=#{target}		</if>		<if test="position !=null and position !=''">		,position=#{position}		</if>		<if test="desc1 !=null and desc1 !=''">		,desc1=#{desc1}		</if>		<if test="order1 !=0">		,order1=#{order1}		</if>		<if test="http !=null and http !=''">		,http=#{http}		</if>		 where 1=1 and id=#{id}	</update>	<select id="manage.navigation.selectOne" parameterType="net.jeeshop.services.manage.navigation.bean.Navigation" resultType="net.jeeshop.services.manage.navigation.bean.Navigation">	 select * 	 from t_navigation t where 1=1 and id=#{id}	</select>	<delete id="manage.navigation.deleteById" parameterType="net.jeeshop.services.manage.navigation.bean.Navigation">		delete from t_navigation where 1=1 and id=#{id}	</delete></mapper>