<?xml version="1.0" encoding="GBK"?><!DOCTYPE mapper PUBLIC "-//mybatis.org//DTD Mapper 3.0//EN" "http://mybatis.org/dtd/mybatis-3-mapper.dtd"><!-- create by autoCode,v1.0.0 --><mapper namespace="manage.orderdetail">	<select id="manage.orderdetail.selectPageList" parameterType="net.jeeshop.services.manage.orderdetail.bean.Orderdetail" resultType="net.jeeshop.services.manage.orderdetail.bean.Orderdetail">	 select * 	 from t_orderdetail t where 1=1  order by id desc  limit #{offset},#{pageSize} 	</select> 	<select id="manage.orderdetail.selectPageCount" parameterType="net.jeeshop.services.manage.orderdetail.bean.Orderdetail" resultType="java.lang.Integer">	 select count(*) from (select 1 	 from t_orderdetail t where 1=1 	 ) a 	</select>		<select id="manage.orderdetail.reportProductSales" parameterType="net.jeeshop.services.manage.orderdetail.bean.Orderdetail" resultType="net.jeeshop.web.action.manage.report.ReportInfo">	 SELECT od.productID,sum(od.number) productSellCount FROM t_order o,t_orderdetail od,t_product p where o.id=od.orderid and p.id=od.productID and o.paystatus='y'  and o.createdate &gt;= '2014-01-24 18:18:08'  and  o.createdate &lt;= '2014-02-24 18:18:08'  group by od.productIDorder by productSellCount desc	</select> 	<insert id="manage.orderdetail.insert" parameterType="net.jeeshop.services.manage.orderdetail.bean.Orderdetail" useGeneratedKeys="true" keyProperty="id">		insert into t_orderdetail		(		id		<if test="orderID!=0">		,orderID		</if>		<if test="productID!=0">		,productID		</if>		<if test="price!=null and price!=''">		,price		</if>		<if test="number!=0">		,number		</if>		)		values		(		id		<if test="orderID !=0">		,#{orderID}		</if>		<if test="productID !=0">		,#{productID}		</if>		<if test="price !=null and price !=''">		,#{price}		</if>		<if test="number !=0">		,#{number}		</if>	)</insert>	<update id="manage.orderdetail.update" parameterType="net.jeeshop.services.manage.orderdetail.bean.Orderdetail">		update t_orderdetail		  set id=#{id}		<if test="orderID !=0">		,orderID=#{orderID}		</if>		<if test="productID !=0">		,productID=#{productID}		</if>		<if test="price !=null and price !=''">		,price=#{price}		</if>		<if test="number !=0">		,number=#{number}		</if>		 where 1=1 and id=#{id}	</update>		<select id="manage.orderdetail.selectOne" parameterType="net.jeeshop.services.manage.orderdetail.bean.Orderdetail" resultType="net.jeeshop.services.manage.orderdetail.bean.Orderdetail">	 select * 	 from t_orderdetail t where 1=1 	 <if test="id!=null and id!=''">	 	and id=#{id}	 </if>	</select>		<select id="manage.orderdetail.selectList" parameterType="net.jeeshop.services.manage.orderdetail.bean.Orderdetail" resultType="net.jeeshop.services.manage.orderdetail.bean.Orderdetail">	 select * 	 from t_orderdetail t where 1=1 	 <if test="id!=null and id!=''">	 	and id=#{id}	 </if>	 <if test="orderID!=0">	 	and t.orderID=${orderID}	 </if> order by id 	</select>		<delete id="manage.orderdetail.deleteById" parameterType="net.jeeshop.services.manage.orderdetail.bean.Orderdetail">		delete from t_orderdetail where 1=1 and id=#{id}	</delete></mapper>