<?xml version="1.0" encoding="GBK"?><!DOCTYPE mapper PUBLIC "-//mybatis.org//DTD Mapper 3.0//EN" "http://mybatis.org/dtd/mybatis-3-mapper.dtd"><!-- create by autoCode,v1.0.0 --><mapper namespace="manage.ordership">	<select id="manage.ordership.selectPageList" parameterType="net.jeeshop.services.manage.ordership.bean.Ordership" resultType="net.jeeshop.services.manage.ordership.bean.Ordership">	 select 		t.id "id",		t.orderid "orderid",		t.shipname "shipname",		t.shipaddress "shipaddress",		t.province "province",		t.city "city",		t.area "area",		t.phone "phone",		t.tel "tel",		t.zip "zip",		t.sex "sex",		t.remark "remark"	 from t_ordership t where 1=1  order by id desc  limit #{offset},#{pageSize} 	</select> 	<select id="manage.ordership.selectPageCount" parameterType="net.jeeshop.services.manage.ordership.bean.Ordership" resultType="java.lang.Integer">	 select count(*) from (select 1 	 from t_ordership t where 1=1 	 ) a 	</select>		<select id="manage.ordership.selectList" parameterType="net.jeeshop.services.manage.ordership.bean.Ordership" resultType="net.jeeshop.services.manage.ordership.bean.Ordership">	 select * from t_ordership t where 1=1 and orderid=#{orderid} order by id desc 	</select> 	<insert id="manage.ordership.insert" parameterType="net.jeeshop.services.manage.ordership.bean.Ordership" useGeneratedKeys="true" keyProperty="id">		insert into t_ordership		(		id		<if test="orderid!=null and orderid!=''">		,orderid		</if>		<if test="shipname!=null and shipname!=''">		,shipname		</if>		<if test="shipaddress!=null and shipaddress!=''">		,shipaddress		</if>		<if test="province!=null and province!=''">		,province		</if>		<if test="city!=null and city!=''">		,city		</if>		<if test="area!=null and area!=''">		,area		</if>		<if test="phone!=null and phone!=''">		,phone		</if>		<if test="tel!=null and tel!=''">		,tel		</if>		<if test="zip!=null and zip!=''">		,zip		</if>		<if test="sex!=null and sex!=''">		,sex		</if>		<if test="remark!=null and remark!=''">		,remark		</if>		)		values		(		id		<if test="orderid !=null and orderid !=''">		,#{orderid}		</if>		<if test="shipname !=null and shipname !=''">		,#{shipname}		</if>		<if test="shipaddress !=null and shipaddress !=''">		,#{shipaddress}		</if>		<if test="province !=null and province !=''">		,#{province}		</if>		<if test="provinceCode !=null and provinceCode !=''">		,#{provinceCode}		</if>		<if test="city !=null and city !=''">		,#{city}		</if>		<if test="cityCode !=null and cityCode !=''">		,#{cityCode}		</if>		<if test="area !=null and area !=''">		,#{area}		</if>		<if test="areaCode !=null and areaCode !=''">		,#{areaCode}		</if>		<if test="phone !=null and phone !=''">		,#{phone}		</if>		<if test="tel !=null and tel !=''">		,#{tel}		</if>		<if test="zip !=null and zip !=''">		,#{zip}		</if>		<if test="sex !=null and sex !=''">		,#{sex}		</if>		<if test="remark !=null and remark !=''">		,#{remark}		</if>	)</insert>		<update id="manage.ordership.update" parameterType="net.jeeshop.services.manage.ordership.bean.Ordership">		update t_ordership		  set id=#{id}		<if test="orderid !=null and orderid !=''">		,orderid=#{orderid}		</if>		<if test="shipname !=null and shipname !=''">		,shipname=#{shipname}		</if>		<if test="shipaddress !=null and shipaddress !=''">		,shipaddress=#{shipaddress}		</if>		<if test="province !=null and province !=''">		,province=#{province}		</if>		<if test="provinceCode !=null and provinceCode !=''">		,provinceCode=#{provinceCode}		</if>		<if test="city !=null and city !=''">		,city=#{city}		</if>		<if test="cityCode !=null and cityCode !=''">		,cityCode=#{cityCode}		</if>		<if test="area !=null and area !=''">		,area=#{area}		</if>		<if test="areaCode !=null and areaCode !=''">		,areaCode=#{areaCode}		</if>		<if test="phone !=null and phone !=''">		,phone=#{phone}		</if>		<if test="tel !=null and tel !=''">		,tel=#{tel}		</if>		<if test="zip !=null and zip !=''">		,zip=#{zip}		</if>		<if test="sex !=null and sex !=''">		,sex=#{sex}		</if>		<if test="remark !=null and remark !=''">		,remark=#{remark}		</if>		 where 1=1 and id=#{id}	</update>		<select id="manage.ordership.selectOne" parameterType="net.jeeshop.services.manage.ordership.bean.Ordership" resultType="net.jeeshop.services.manage.ordership.bean.Ordership">	 select * 	 from t_ordership t where 1=1 and orderid=#{orderid}	</select></mapper>