<?xml version="1.0" encoding="GBK"?><!DOCTYPE mapper PUBLIC "-//mybatis.org//DTD Mapper 3.0//EN" "http://mybatis.org/dtd/mybatis-3-mapper.dtd"><!-- create by autoCode,v1.0.0 --><mapper namespace="manage.orderpay">	<select id="manage.orderpay.selectPageList" parameterType="net.jeeshop.services.manage.orderpay.bean.Orderpay" resultType="net.jeeshop.services.manage.orderpay.bean.Orderpay">	 select * from t_orderpay t where 1=1  order by id desc  limit #{offset},#{pageSize} 	</select> 	<select id="manage.orderpay.selectPageCount" parameterType="net.jeeshop.services.manage.orderpay.bean.Orderpay" resultType="java.lang.Integer">	 select count(*) from (select 1 	 from t_orderpay t where 1=1 	 ) a 	</select>		<select id="manage.orderpay.selectList" parameterType="net.jeeshop.services.manage.orderpay.bean.Orderpay" resultType="net.jeeshop.services.manage.orderpay.bean.Orderpay">	 select * from t_orderpay t where 1=1 	 <if test="orderid!=null and orderid!=''">	 	and orderid=#{orderid}	 </if> order by id  	</select> 	<insert id="manage.orderpay.insert" parameterType="net.jeeshop.services.manage.orderpay.bean.Orderpay" useGeneratedKeys="true" keyProperty="id">		insert into t_orderpay		(		id,createtime		<if test="orderid!=null and orderid!=''">		,orderid		</if>		<if test="paystatus!=null and paystatus!=''">		,paystatus		</if>		<if test="payamount!=null and payamount!=''">		,payamount		</if>		<if test="paymethod!=null and paymethod!=''">		,paymethod		</if>		<if test="confirmdate!=null and confirmdate!=''">		,confirmdate		</if>		<if test="confirmuser!=null and confirmuser!=''">		,confirmuser		</if>		<if test="remark!=null and remark!=''">		,remark		</if>		<if test="tradeNo!=null and tradeNo!=''">		,tradeNo		</if>		)		values		(		id,now()		<if test="orderid !=null and orderid !=''">		,#{orderid}		</if>		<if test="paystatus !=null and paystatus !=''">		,#{paystatus}		</if>		<if test="payamount !=null and payamount !=''">		,#{payamount}		</if>		<if test="paymethod!=null and paymethod!=''">		,#{paymethod}		</if>		<if test="confirmdate !=null and confirmdate !=''">		,#{confirmdate}		</if>		<if test="confirmuser !=null and confirmuser !=''">		,#{confirmuser}		</if>		<if test="remark !=null and remark !=''">		,#{remark}		</if>		<if test="tradeNo!=null and tradeNo!=''">		,#{tradeNo}		</if>	)</insert>	<update id="manage.orderpay.update" parameterType="net.jeeshop.services.manage.orderpay.bean.Orderpay">		update t_orderpay		  set id=#{id}		<if test="orderid !=null and orderid !=''">		,orderid=#{orderid}		</if>		<if test="paystatus !=null and paystatus !=''">		,paystatus=#{paystatus}		</if>		<if test="payamount !=null and payamount !=''">		,payamount=#{payamount}		</if>		<if test="createtime !=null and createtime !=''">		,createtime=#{createtime}		</if>		<if test="paymethod!=null and paymethod!=''">		,paymethod=#{paymethod}		</if>		<if test="confirmdate !=null and confirmdate !=''">		,confirmdate=#{confirmdate}		</if>		<if test="confirmuser !=null and confirmuser !=''">		,confirmuser=#{confirmuser}		</if>		<if test="remark !=null and remark !=''">		,remark=#{remark}		</if>		 where 1=1 and id=#{id}	</update>	<select id="manage.orderpay.selectOne" parameterType="net.jeeshop.services.manage.orderpay.bean.Orderpay" resultType="net.jeeshop.services.manage.orderpay.bean.Orderpay">	 select * 	 from t_orderpay t where 1=1 	 <if test="id!=null and id!=''"> and id=#{id} </if>	 <if test="orderid!=null and orderid!=''"> and orderid=#{orderid} </if>	 <if test="paystatus!=null and paystatus!=''"> and paystatus=#{paystatus} </if>	</select>	<delete id="manage.orderpay.deleteById" parameterType="net.jeeshop.services.manage.orderpay.bean.Orderpay">		delete from t_orderpay where 1=1 and id=#{id}	</delete></mapper>