<?xml version="1.0" encoding="GBK"?><!DOCTYPE mapper PUBLIC "-//mybatis.org//DTD Mapper 3.0//EN" "http://mybatis.org/dtd/mybatis-3-mapper.dtd"><!-- create by autoCode,v1.0.0 --><mapper namespace="manage.oss">	<select id="manage.oss.selectPageList" parameterType="net.jeeshop.services.manage.oss.bean.Oss" resultType="net.jeeshop.services.manage.oss.bean.Oss">	 select * 	 from t_oss t where 1=1  order by id desc  limit #{offset},#{pageSize} 	</select> 	<select id="manage.oss.selectPageCount" parameterType="net.jeeshop.services.manage.oss.bean.Oss" resultType="java.lang.Integer">	 select count(*) from t_oss t where 1=1 	</select>		<select id="manage.oss.selectList" parameterType="net.jeeshop.services.manage.oss.bean.Oss" resultType="net.jeeshop.services.manage.oss.bean.Oss">	 select * from t_oss t where 1=1 and status='y' 	</select> 	<insert id="manage.oss.insert" parameterType="net.jeeshop.services.manage.oss.bean.Oss" useGeneratedKeys="true" keyProperty="id">		insert into t_oss		(		id		<if test="name!=null and name!=''">		,name		</if>		<if test="code!=null and code!=''">		,code		</if>		<if test="status!=null and status!=''">		,status		</if>		<if test="ossJsonInfo!=null and ossJsonInfo!=''">		,ossJsonInfo		</if>		)		values		(		id		<if test="name !=null and name !=''">		,#{name}		</if>		<if test="code !=null and code !=''">		,#{code}		</if>		<if test="status !=null and status !=''">		,#{status}		</if>		<if test="ossJsonInfo !=null and ossJsonInfo !=''">		,#{ossJsonInfo}		</if>	)</insert>	<update id="manage.oss.update" parameterType="net.jeeshop.services.manage.oss.bean.Oss">		update t_oss		  set id=#{id}		<if test="name !=null and name !=''">		,name=#{name}		</if>		<if test="code !=null and code !=''">		,code=#{code}		</if>		<if test="status !=null and status !=''">		,status=#{status}		</if>		<if test="ossJsonInfo !=null and ossJsonInfo !=''">		,ossJsonInfo=#{ossJsonInfo}		</if>		 where 1=1 and id=#{id}	</update>	<select id="manage.oss.selectOne" parameterType="net.jeeshop.services.manage.oss.bean.Oss" resultType="net.jeeshop.services.manage.oss.bean.Oss">	 select * 	 from t_oss t where 1=1  	 <if test="id!=null and id!=''"> and id=#{id} </if>	 <if test="status!=null and status!=''"> and status=#{status} </if>	 <if test="code!=null and code!=''"> and code=#{code} </if>	</select>	<delete id="manage.oss.deleteById" parameterType="net.jeeshop.services.manage.oss.bean.Oss">		delete from t_oss where 1=1 and id=#{id}	</delete></mapper>