<?xml version="1.0" encoding="GBK"?><!DOCTYPE mapper PUBLIC "-//mybatis.org//DTD Mapper 3.0//EN" "http://mybatis.org/dtd/mybatis-3-mapper.dtd"><!-- create by autoCode,v1.0.0 --><mapper namespace="manage.pay">	<select id="manage.pay.selectPageList" parameterType="net.jeeshop.services.manage.pay.bean.Pay" resultType="net.jeeshop.services.manage.pay.bean.Pay">	 select * 	 from t_pay t where 1=1  order by order1   limit #{offset},#{pageSize} 	</select> 	<select id="manage.pay.selectPageCount" parameterType="net.jeeshop.services.manage.pay.bean.Pay" resultType="java.lang.Integer">	 select count(*) from t_pay t where 1=1 	</select> 	<insert id="manage.pay.insert" parameterType="net.jeeshop.services.manage.pay.bean.Pay" useGeneratedKeys="true" keyProperty="id">		insert into t_pay		(		id		<if test="name!=null and name!=''">		,name		</if>		<if test="code!=null and code!=''">		,code		</if>		<if test="seller!=null and seller!=''">		,seller		</if>		<if test="order1!=0">		,order1		</if>		<if test="status!=null and status!=''">		,status		</if>		<if test="partner!=null and partner!=''">		,partner		</if>		<if test="key1!=null and key1!=''">		,key1		</if>		)		values		(		id		<if test="name !=null and name !=''">		,#{name}		</if>		<if test="code !=null and code !=''">		,#{code}		</if>		<if test="seller !=null and seller !=''">		,#{seller}		</if>		<if test="order1 !=0">		,#{order1}		</if>		<if test="status !=null and status !=''">		,#{status}		</if>		<if test="partner!=null and partner!=''">		,#{partner}		</if>		<if test="key1!=null and key1!=''">		,#{key1}		</if>	)</insert>		<update id="manage.pay.update" parameterType="net.jeeshop.services.manage.pay.bean.Pay">		update t_pay		  set id=#{id}		<if test="name !=null and name !=''">		,name=#{name}		</if>		<if test="code !=null and code !=''">		,code=#{code}		</if>		<if test="seller !=null and seller !=''">		,seller=#{seller}		</if>		<if test="order1 !=0">		,order1=#{order1}		</if>		<if test="status !=null and status !=''">		,status=#{status}		</if>		<if test="partner!=null and partner!=''">		,partner=#{partner}		</if>		<if test="key1!=null and key1!=''">		,key1=#{key1}		</if>		 where 1=1 and id=#{id}	</update>	<select id="manage.pay.selectOne" parameterType="net.jeeshop.services.manage.pay.bean.Pay" resultType="net.jeeshop.services.manage.pay.bean.Pay">	select * from t_pay t where 1=1  and status='y' 	 <if test="id!=null and id!=''"> and id=#{id} </if> 	 <if test="code!=null and code!=''"> and code=#{code} </if>	</select>	<delete id="manage.pay.deleteById" parameterType="net.jeeshop.services.manage.pay.bean.Pay">		delete from t_pay where 1=1 and id=#{id}	</delete></mapper>