<?xml version="1.0" encoding="GBK"?><!DOCTYPE mapper PUBLIC "-//mybatis.org//DTD Mapper 3.0//EN" "http://mybatis.org/dtd/mybatis-3-mapper.dtd"><!-- create by autoCode,v1.0.0 --><mapper namespace="manage.questionnaire">	<select id="manage.questionnaire.selectPageList" parameterType="net.jeeshop.services.manage.questionnaire.bean.Questionnaire" resultType="net.jeeshop.services.manage.questionnaire.bean.Questionnaire">	 select * 	 from t_questionnaire t where 1=1 	 <if test="title!=null and title!=''">	 	 and t.title like CONCAT('%','${title}','%' ) 	 </if>	 <if test="status!=null and status!=''">	 	 and status=#{status} 	 </if>	 <if test="startDate!=null and startDate!=''">		and createdate &gt;= #{startDate}	 </if>	 <if test="endDate!=null and endDate!=''">		and createdate &lt;= #{endDate}	 </if>	  order by id desc  limit #{offset},#{pageSize} 	</select> 	<select id="manage.questionnaire.selectPageCount" parameterType="net.jeeshop.services.manage.questionnaire.bean.Questionnaire" resultType="java.lang.Integer">	 select count(*) from t_questionnaire t where 1=1 	 <if test="title!=null and title!=''">	 	 and t.title like CONCAT('%','${title}','%' ) 	 </if>	 <if test="status!=null and status!=''">	 	 and status=#{status} 	 </if>	 <if test="startDate!=null and startDate!=''">		and createdate &gt;= #{startDate}	 </if>	 <if test="endDate!=null and endDate!=''">		and createdate &lt;= #{endDate}	 </if>	</select> 	<insert id="manage.questionnaire.insert" parameterType="net.jeeshop.services.manage.questionnaire.bean.Questionnaire" useGeneratedKeys="true" keyProperty="id">		insert into t_questionnaire		(		id,createdate		<if test="title!=null and title!=''">		,title		</if>		<if test="title2!=null and title2!=''">		,title2		</if>		<if test="updatedate!=null and updatedate!=''">		,updatedate		</if>		<if test="createAccount!=null and createAccount!=''">		,createAccount		</if>		<if test="updateAccount!=null and updateAccount!=''">		,updateAccount		</if>		<if test="status!=null and status!=''">		,status		</if>		<if test="showStartDate!=null and showStartDate!=''">		,showStartDate		</if>		<if test="showEndDate!=null and showEndDate!=''">		,showEndDate		</if>		)		values		(		id,now()		<if test="title !=null and title !=''">		,#{title}		</if>		<if test="title2 !=null and title2 !=''">		,#{title2}		</if>		<if test="updatedate !=null and updatedate !=''">		,#{updatedate}		</if>		<if test="createAccount !=null and createAccount !=''">		,#{createAccount}		</if>		<if test="updateAccount !=null and updateAccount !=''">		,#{updateAccount}		</if>		<if test="status !=null and status !=''">		,#{status}		</if>		<if test="showStartDate !=null and showStartDate !=''">		,#{showStartDate}		</if>		<if test="showEndDate !=null and showEndDate !=''">		,#{showEndDate}		</if>	)</insert>	<update id="manage.questionnaire.update" parameterType="net.jeeshop.services.manage.questionnaire.bean.Questionnaire">		update t_questionnaire		  set id=#{id},updatedate=now()		<if test="title !=null and title !=''">		,title=#{title}		</if>		<if test="title2 !=null and title2 !=''">		,title2=#{title2}		</if>		<if test="updateAccount !=null and updateAccount !=''">		,updateAccount=#{updateAccount}		</if>		<if test="status !=null and status !=''">		,status=#{status}		</if>		<if test="showStartDate !=null and showStartDate !=''">		,showStartDate=#{showStartDate}		</if>		<if test="showEndDate !=null and showEndDate !=''">		,showEndDate=#{showEndDate}		</if>		 where 1=1 and id=#{id}	</update>	<select id="manage.questionnaire.selectOne" parameterType="net.jeeshop.services.manage.questionnaire.bean.Questionnaire" resultType="net.jeeshop.services.manage.questionnaire.bean.Questionnaire">	 select * from t_questionnaire t where 1=1 and id=#{id}	</select>		<select id="manage.questionnaire.selectById" parameterType="net.jeeshop.services.manage.questionnaire.bean.Questionnaire" resultType="net.jeeshop.services.manage.questionnaire.bean.Questionnaire">	 select * from t_questionnaire t where 1=1 and id=#{id}	</select>	<delete id="manage.questionnaire.deleteById" parameterType="net.jeeshop.services.manage.questionnaire.bean.Questionnaire">		delete from t_questionnaire where 1=1 and id=#{id}	</delete></mapper>