<?xml version="1.0" encoding="GBK"?><!DOCTYPE mapper PUBLIC "-//mybatis.org//DTD Mapper 3.0//EN" "http://mybatis.org/dtd/mybatis-3-mapper.dtd"><!-- create by autoCode,v1.0.0 --><mapper namespace="manage.sms">	<select id="mnage.sms.selectPageList" parameterType="net.jeeshop.services.manage.sms.bean.Sms" resultType="net.jeeshop.services.manage.sms.bean.Sms">	 select * from t_sms t where 1=1 	 <if test="phone!=null and phone!=''"> and phone=#{phone} </if>  order by id desc  limit #{offset},#{pageSize} 	</select> 	<select id="mnage.sms.selectPageCount" parameterType="net.jeeshop.services.manage.sms.bean.Sms" resultType="java.lang.Integer">	 select count(*) from t_sms where 1=1 	 <if test="phone!=null and phone!=''"> and phone=#{phone} </if> 	</select> 	<insert id="mnage.sms.insert" parameterType="net.jeeshop.services.manage.sms.bean.Sms" useGeneratedKeys="true" keyProperty="id">		insert into t_sms		(		id		<if test="phone!=null and phone!=''">		,phone		</if>		<if test="content!=null and content!=''">		,content		</if>		<if test="sendTime!=null and sendTime!=''">		,sendTime		</if>		<if test="type!=null and type!=''">		,type		</if>		<if test="returnCode!=null and returnCode!=''">		,returnCode		</if>		<if test="sendStatus!=null and sendStatus!=''">		,sendStatus		</if>		)		values		(		id		<if test="phone !=null and phone !=''">		,#{phone}		</if>		<if test="content !=null and content !=''">		,#{content}		</if>		<if test="sendTime !=null and sendTime !=''">		,#{sendTime}		</if>		<if test="type !=null and type !=''">		,#{type}		</if>		<if test="returnCode !=null and returnCode !=''">		,#{returnCode}		</if>		<if test="sendStatus !=null and sendStatus !=''">		,#{sendStatus}		</if>	)</insert>	<update id="mnage.sms.update" parameterType="net.jeeshop.services.manage.sms.bean.Sms">		update t_sms		  set id=#{id}		<if test="phone !=null and phone !=''">		,phone=#{phone}		</if>		<if test="content !=null and content !=''">		,content=#{content}		</if>		<if test="sendTime !=null and sendTime !=''">		,sendTime=#{sendTime}		</if>		<if test="type !=null and type !=''">		,type=#{type}		</if>		<if test="returnCode !=null and returnCode !=''">		,returnCode=#{returnCode}		</if>		<if test="sendStatus !=null and sendStatus !=''">		,sendStatus=#{sendStatus}		</if>		 where 1=1 and id=#{id}	</update>	<select id="mnage.sms.selectOne" parameterType="net.jeeshop.services.manage.sms.bean.Sms" resultType="net.jeeshop.services.manage.sms.bean.Sms">	 select * from t_sms t where 1=1 and id=#{id}	</select>	<delete id="mnage.sms.deleteById" parameterType="net.jeeshop.services.manage.sms.bean.Sms">		delete from t_sms where 1=1 and id=#{id}	</delete>		<select id="mnage.sms.selectById" parameterType="net.jeeshop.services.manage.sms.bean.Sms" resultType="net.jeeshop.services.manage.sms.bean.Sms">	 select * from t_sms t where 1=1 and id=#{id}	</select></mapper>