<?xml version="1.0" encoding="GBK"?><!DOCTYPE mapper PUBLIC "-//mybatis.org//DTD Mapper 3.0//EN" "http://mybatis.org/dtd/mybatis-3-mapper.dtd"><!-- create by autoCode,v1.0.0 --><mapper namespace="manage.spec">	<select id="manage.spec.selectPageList" parameterType="net.jeeshop.services.manage.spec.bean.Spec" resultType="net.jeeshop.services.manage.spec.bean.Spec">	 select 		t.id "id",		t.productID "productid",		t.specColor "speccolor",		t.specSize "specsize",		t.specStock "specstock",		t.specPrice "specprice",		t.specStatus "specstatus"	 from t_spec t where 1=1  order by specsize  limit #{offset},#{pageSize} 	</select> 	<select id="manage.spec.selectPageCount" parameterType="net.jeeshop.services.manage.spec.bean.Spec" resultType="java.lang.Integer">	 select count(*) from t_spec t where 1=1 	</select>		<select id="manage.spec.selectList" parameterType="net.jeeshop.services.manage.spec.bean.Spec" resultType="net.jeeshop.services.manage.spec.bean.Spec">	 select * from t_spec t where 1=1 	 <if test="productID!=null and productID!=''"> and productID=#{productID} </if> 	 <if test="specStatus!=null and specStatus!=''"> and specStatus=#{specStatus} </if> 	</select> 	<insert id="manage.spec.insert" parameterType="net.jeeshop.services.manage.spec.bean.Spec" useGeneratedKeys="true" keyProperty="id">		insert into t_spec		(		id		<if test="productID!=null and productID!=''">		,productID		</if>		<if test="specColor!=null and specColor!=''">		,specColor		</if>		<if test="specSize!=null and specSize!=''">		,specSize		</if>		<if test="specStock!=null and specStock!=''">		,specStock		</if>		<if test="specPrice!=null and specPrice!=''">		,specPrice		</if>		<if test="specStatus!=null and specStatus!=''">		,specStatus		</if>		)		values		(		id		<if test="productID !=null and productID !=''">		,#{productID}		</if>		<if test="specColor !=null and specColor !=''">		,#{specColor}		</if>		<if test="specSize !=null and specSize !=''">		,#{specSize}		</if>		<if test="specStock !=null and specStock !=''">		,#{specStock}		</if>		<if test="specPrice !=null and specPrice !=''">		,#{specPrice}		</if>		<if test="specStatus !=null and specStatus !=''">		,#{specStatus}		</if>	)</insert>	<update id="manage.spec.update" parameterType="net.jeeshop.services.manage.spec.bean.Spec">		update t_spec		  set id=#{id}		<if test="productID !=null and productID !=''">		,productID=#{productID}		</if>		<if test="specColor !=null and specColor !=''">		,specColor=#{specColor}		</if>		<if test="specSize !=null and specSize !=''">		,specSize=#{specSize}		</if>		<if test="specStock !=null and specStock !=''">		,specStock=#{specStock}		</if>		<if test="specPrice !=null and specPrice !=''">		,specPrice=#{specPrice}		</if>		<if test="specStatus !=null and specStatus !=''">		,specStatus=#{specStatus}		</if>		 where 1=1 and id=#{id}	</update>		<select id="manage.spec.selectOne" parameterType="net.jeeshop.services.manage.spec.bean.Spec" resultType="net.jeeshop.services.manage.spec.bean.Spec">	 select 		t.id "id",		t.productID "productid",		t.specColor "speccolor",		t.specSize "specsize",		t.specStock "specstock",		t.specPrice "specprice",		t.specStatus "specstatus"	 from t_spec t where 1=1 and id=#{id}	</select>		<select id="manage.spec.selectById" parameterType="net.jeeshop.services.manage.spec.bean.Spec" resultType="net.jeeshop.services.manage.spec.bean.Spec">	 select * from t_spec t where 1=1 and id=#{id}	</select>		<delete id="manage.spec.deleteById" parameterType="net.jeeshop.services.manage.spec.bean.Spec">		delete from t_spec where 1=1 and id=#{id}	</delete></mapper>