<?xml version="1.0" encoding="GBK"?><!DOCTYPE mapper PUBLIC "-//mybatis.org//DTD Mapper 3.0//EN" "http://mybatis.org/dtd/mybatis-3-mapper.dtd"><!-- create by autoCode,v1.0.0 --><mapper namespace="manage.systemSetting">	<select id="manage.systemSetting.selectPageList" parameterType="net.jeeshop.services.manage.systemSetting.bean.SystemSetting" resultType="net.jeeshop.services.manage.systemSetting.bean.SystemSetting">	 select * 	 from t_systemsetting t where 1=1  order by id desc  limit #{offset},#{pageSize} 	</select> 	<select id="manage.systemSetting.selectPageCount" parameterType="net.jeeshop.services.manage.systemSetting.bean.SystemSetting" resultType="java.lang.Integer">	 select count(*) from (select 1 	 from t_systemsetting t where 1=1 	 ) a 	</select> 	<insert id="manage.systemSetting.insert" parameterType="net.jeeshop.services.manage.systemSetting.bean.SystemSetting" useGeneratedKeys="true" keyProperty="id">		insert into t_systemsetting		(		id		<if test="systemCode!=null and systemCode!=''">		,systemCode		</if>		<if test="name!=null and name!=''">		,name		</if>		<if test="www!=null and www!=''">		,www		</if>		<if test="manageHttp!=null and manageHttp!=''">		,manageHttp		</if>		<if test="log!=null and log!=''">		,log		</if>		<if test="title!=null and title!=''">		,title		</if>		<if test="description!=null and description!=''">		,description		</if>		<if test="keywords!=null and keywords!=''">		,keywords		</if>		<if test="shortcuticon!=null and shortcuticon!=''">		,shortcuticon		</if>		<if test="address!=null and address!=''">		,address		</if>		<if test="tel!=null and tel!=''">		,tel		</if>		<if test="email!=null and email!=''">		,email		</if>		<if test="qqHelpHtml!=null and qqHelpHtml!=''">		,qqHelpHtml		</if>		<if test="icp!=null and icp!=''">		,icp		</if>		<if test="isopen!=null and isopen!=''">		,isopen		</if>		<if test="closeMsg!=null and closeMsg!=''">		,closeMsg		</if>		<if test="qq!=null and qq!=''">		,qq		</if>		<if test="statisticsCode!=null and statisticsCode!=''">		,statisticsCode		</if>		<if test="version!=null and version!=''">		,version		</if>		<if test="openResponsive!=null and openResponsive!=''">		,openResponsive		</if>		<if test="imageRootPath!=null and imageRootPath!=''">		,imageRootPath		</if>		<if test="defaultProductImg!=null and defaultProductImg!=''">		,defaultProductImg		</if>		<if test="images!=null and images!=''">		,images		</if>		<if test="manageLeftTreeLeafIcon!=null and manageLeftTreeLeafIcon!=''">		,manageLeftTreeLeafIcon		</if>		<if test="style!=null and style!=''">		,style		</if>		)		values		(		id		<if test="systemCode!=null and systemCode!=''">		,systemCode		</if>		<if test="name !=null and name !=''">		,#{name}		</if>		<if test="www !=null and www !=''">		,#{www}		</if>		<if test="manageHttp !=null and manageHttp !=''">		,#{manageHttp}		</if>		<if test="log !=null and log !=''">		,#{log}		</if>		<if test="title !=null and title !=''">		,#{title}		</if>		<if test="description !=null and description !=''">		,#{description}		</if>		<if test="keywords !=null and keywords !=''">		,#{keywords}		</if>		<if test="shortcuticon !=null and shortcuticon !=''">		,#{shortcuticon}		</if>		<if test="address !=null and address !=''">		,#{address}		</if>		<if test="tel !=null and tel !=''">		,#{tel}		</if>		<if test="email !=null and email !=''">		,#{email}		</if>		<if test="qqHelpHtml!=null and qqHelpHtml!=''">		,#{qqHelpHtml}		</if>		<if test="icp !=null and icp !=''">		,#{icp}		</if>		<if test="isopen !=null and isopen !=''">		,#{isopen}		</if>		<if test="closeMsg !=null and closeMsg !=''">		,#{closeMsg}		</if>		<if test="qq !=null and qq !=''">		,#{qq}		</if>		<if test="statisticsCode!=null and statisticsCode!=''">		,#{statisticsCode}		</if>		<if test="version !=null and version !=''">		,#{version}		</if>		<if test="openResponsive!=null and openResponsive!=''">		,#{openResponsive}		</if>		<if test="imageRootPath !=null and imageRootPath !=''">		,#{imageRootPath}		</if>		<if test="defaultProductImg !=null and defaultProductImg !=''">		,#{defaultProductImg}		</if>		<if test="images!=null and images!=''">		,#{images}		</if>		<if test="manageLeftTreeLeafIcon!=null and manageLeftTreeLeafIcon!=''">		,#{manageLeftTreeLeafIcon}		</if>		<if test="style!=null and style!=''">		,#{style}		</if>	)</insert>	<update id="manage.systemSetting.update" parameterType="net.jeeshop.services.manage.systemSetting.bean.SystemSetting">		update t_systemsetting		  set id=#{id}		 <if test="systemCode!=null and systemCode!=''">		,systemCode=#{systemCode}		</if>		<if test="name !=null and name !=''">		,name=#{name}		</if>		<if test="www !=null and www !=''">		,www=#{www}		</if>		<if test="manageHttp !=null and manageHttp !=''">		,manageHttp=#{manageHttp}		</if>		<if test="log !=null and log !=''">		,log=#{log}		</if>		<if test="title !=null and title !=''">		,title=#{title}		</if>		<if test="description !=null and description !=''">		,description=#{description}		</if>		<if test="keywords !=null and keywords !=''">		,keywords=#{keywords}		</if>		<if test="shortcuticon !=null and shortcuticon !=''">		,shortcuticon=#{shortcuticon}		</if>		<if test="address !=null and address !=''">		,address=#{address}		</if>		<if test="tel !=null and tel !=''">		,tel=#{tel}		</if>		<if test="email !=null and email !=''">		,email=#{email}		</if>		<if test="qqHelpHtml!=null and qqHelpHtml!=''">		,qqHelpHtml=#{qqHelpHtml}		</if>		<if test="icp !=null and icp !=''">		,icp=#{icp}		</if>		<if test="isopen !=null and isopen !=''">		,isopen=#{isopen}		</if>		<if test="closeMsg !=null and closeMsg !=''">		,closeMsg=#{closeMsg}		</if>		<if test="qq !=null and qq !=''">		,qq=#{qq}		</if>		<if test="statisticsCode!=null and statisticsCode!=''">		,statisticsCode=#{statisticsCode}		</if>		<if test="version !=null and version !=''">		,version=#{version}		</if>		<if test="openResponsive!=null and openResponsive!=''">		,openResponsive=#{openResponsive}		</if>		<if test="imageRootPath !=null and imageRootPath !=''">		,imageRootPath=#{imageRootPath}		</if>		<if test="defaultProductImg !=null and defaultProductImg !=''">		,defaultProductImg=#{defaultProductImg}		</if>		<if test="images!=null and images!=''">		,images=#{images}		</if>		<if test="manageLeftTreeLeafIcon!=null and manageLeftTreeLeafIcon!=''">		,manageLeftTreeLeafIcon=#{manageLeftTreeLeafIcon}		</if>		<if test="style!=null and style!=''">		,style=#{style}		</if>		 where 1=1 and id=#{id}	</update>	<select id="manage.systemSetting.selectOne" parameterType="net.jeeshop.services.manage.systemSetting.bean.SystemSetting" resultType="net.jeeshop.services.manage.systemSetting.bean.SystemSetting">	 select * 	 from t_systemsetting t where 1=1 limit 0,1	</select>	<select id="manage.systemSetting.selectById" parameterType="string" resultType="net.jeeshop.services.manage.systemSetting.bean.SystemSetting">	 select * from t_systemsetting t where 1=1 and id=#{id}	</select>	<delete id="manage.systemSetting.deleteById" parameterType="net.jeeshop.services.manage.systemSetting.bean.SystemSetting">		delete from t_systemsetting where 1=1 and id=#{id}	</delete></mapper>