<?xml version="1.0" encoding="GBK"?><!DOCTYPE mapper PUBLIC "-//mybatis.org//DTD Mapper 3.0//EN" "http://mybatis.org/dtd/mybatis-3-mapper.dtd"><!-- create by autoCode,v1.0.0 --><mapper namespace="manage.systemlog">	<select id="manage.systemlog.selectPageList" parameterType="net.jeeshop.services.manage.systemlog.bean.Systemlog" resultType="net.jeeshop.services.manage.systemlog.bean.Systemlog">	 select * 	 from t_systemlog t where 1=1 	 <if test="type!=0">	 and type=#{type}	</if>	<if test="diffAreaLogin!=null and diffAreaLogin!=''">	 and diffAreaLogin=#{diffAreaLogin}	</if>	 <if test="account!=null and account!=''">	 and account=#{account}<!-- 	 and t.account like CONCAT('%','${account}','%' ) -->	</if> order by id desc  limit #{offset},#{pageSize} 	</select> 	<select id="manage.systemlog.selectPageCount" parameterType="net.jeeshop.services.manage.systemlog.bean.Systemlog" resultType="java.lang.Integer">	 select count(*) from t_systemlog t where 1=1 	 <if test="type!=0">	 and type=#{type}	</if>	<if test="diffAreaLogin!=null and diffAreaLogin!=''">	 and diffAreaLogin=#{diffAreaLogin}	</if>	 <if test="account!=null and account!=''">	 and account=#{account}<!-- 	 and t.account like CONCAT('%','${account}','%' ) -->	</if>	</select> 	<insert id="manage.systemlog.insert" parameterType="net.jeeshop.services.manage.systemlog.bean.Systemlog" useGeneratedKeys="true" keyProperty="id">		insert into t_systemlog		(		id,logintime		<if test="title!=null and title!=''">		,title		</if>		<if test="content!=null and content!=''">		,content		</if>		<if test="type!=0">		,type		</if>		<if test="account!=null and account!=''">		,account		</if>		<if test="loginIP!=null and loginIP!=''">		,loginIP		</if>		<if test="loginArea!=null and loginArea!=''">		,loginArea		</if>		<if test="diffAreaLogin!=null and diffAreaLogin!=''">		,diffAreaLogin		</if>		)		values		(		id,now()		<if test="title !=null and title !=''">		,#{title}		</if>		<if test="content !=null and content !=''">		,#{content}		</if>		<if test="type !=0">		,#{type}		</if>		<if test="account!=null and account!=''">		,#{account}		</if>		<if test="loginIP!=null and loginIP!=''">		,#{loginIP}		</if>		<if test="loginArea!=null and loginArea!=''">		,#{loginArea}		</if>		<if test="diffAreaLogin!=null and diffAreaLogin!=''">		,#{diffAreaLogin}		</if>	)</insert>		<update id="manage.systemlog.update" parameterType="net.jeeshop.services.manage.systemlog.bean.Systemlog">		update t_systemlog		  set id=#{id}		<if test="title !=null and title !=''">		,title=#{title}		</if>		<if test="content !=null and content !=''">		,content=#{content}		</if>		<if test="type !=0">		,type=#{type}		</if>		<if test="account!=null and account!=''">		,account=#{account}		</if>		 where 1=1 and id=#{id}	</update>		<select id="manage.systemlog.selectOne" parameterType="net.jeeshop.services.manage.systemlog.bean.Systemlog" resultType="net.jeeshop.services.manage.systemlog.bean.Systemlog">	 select * 	 from t_systemlog t where 1=1 and id=#{id}	</select>		<select id="manage.systemlog.selectFirstOne" parameterType="string" resultType="net.jeeshop.services.manage.systemlog.bean.Systemlog">	 select * from t_systemlog t where 1=1 and account=#{account} order by id desc limit 0,1	</select>	</mapper>