<?xml version="1.0" encoding="GBK"?><!DOCTYPE mapper PUBLIC "-//mybatis.org//DTD Mapper 3.0//EN" "http://mybatis.org/dtd/mybatis-3-mapper.dtd"><!-- create by autoCode,v1.0.0 --><mapper namespace="front.account">	<select id="front.account.selectPageList" parameterType="net.jeeshop.services.front.account.bean.Account" resultType="net.jeeshop.services.front.account.bean.Account">	 select * 	 from t_account t where 1=1 	 <if test="account!=null and account!=''">	 	and account=#{account}	 </if>	 <if test="password!=null and password!=''">	 	and password=#{password}	 </if> order by id desc  limit #{offset},#{pageSize} 	</select> 	<select id="front.account.selectPageCount" parameterType="net.jeeshop.services.front.account.bean.Account" resultType="net.jeeshop.services.front.account.bean.Account">	 select count(*) from (select 1 	 from t_account t where 1=1 	 <if test="account!=null and account!=''">	 	and account=#{account}	 </if>	 <if test="password!=null and password!=''">	 	and password=#{password}	 </if>	 ) a 	</select> 	<insert id="front.account.insert" parameterType="net.jeeshop.services.front.account.bean.Account" useGeneratedKeys="true" keyProperty="id">		insert into t_account		(		id,regeistDate		<if test="account!=null and account!=''">		,account		</if>		<if test="nickname!=null and nickname!=''">		,nickname		</if>		<if test="password!=null and password!=''">		,password		</if>		<if test="accountType!=null and accountType!=''">		,accountType		</if>		<if test="trueName!=null and trueName!=''">		,trueName		</if>		<if test="sex!=null and sex!=''">		,sex		</if>		<if test="birthday!=null and birthday!=''">		,birthday		</if>		<if test="province!=null and province!=''">		,province		</if>		<if test="city!=null and city!=''">		,city		</if>		<if test="address!=null and address!=''">		,address		</if>		<if test="postcode!=null and postcode!=''">		,postcode		</if>		<if test="cardType!=null and cardType!=''">		,cardType		</if>		<if test="cardNO!=null and cardNO!=''">		,cardNO		</if>		<if test="grade!=0">		,grade		</if>		<if test="amount!=null and amount!=''">		,amount		</if>		<if test="tel!=null and tel!=''">		,tel		</if>		<if test="email!=null and email!=''">		,email		</if>		<if test="freeze!=null and freeze!=''">		,freeze		</if>		<if test="openId!=null and openId!=''">		,openId		</if>		<if test="alipayUseId!=null and alipayUseId!=''">		,alipayUseId		</if>		<if test="sinaWeiboID!=null and sinaWeiboID!=''">		,sinaWeiboID		</if>		<if test="score!=0">		,score		</if>		)		values		(		id,now()		<if test="account !=null and account !=''">		,#{account}		</if>		<if test="nickname !=null and nickname !=''">		,#{nickname}		</if>		<if test="password !=null and password !=''">		,#{password}		</if>		<if test="accountType!=null and accountType!=''">		,#{accountType}		</if>		<if test="sex!=null and sex!=''">		,#{sex}		</if>		<if test="trueName!=null and trueName!=''">		,#{trueName}		</if>		<if test="birthday!=null and birthday!=''">		,#{birthday}		</if>		<if test="province!=null and province!=''">		,#{province}		</if>		<if test="city !=null and city !=''">		,#{city}		</if>		<if test="address !=null and address !=''">		,#{address}		</if>		<if test="postcode !=null and postcode !=''">		,#{postcode}		</if>		<if test="cardType !=null and cardType !=''">		,#{cardType}		</if>		<if test="cardNO !=null and cardNO !=''">		,#{cardNO}		</if>		<if test="grade !=0">		,#{grade}		</if>		<if test="amount !=null and amount !=''">		,#{amount}		</if>		<if test="tel !=null and tel !=''">		,#{tel}		</if>		<if test="email !=null and email !=''">		,#{email}		</if>		<if test="freeze!=null and freeze!=''">		,#{freeze}		</if>		<if test="openId!=null and openId!=''">		,#{openId}		</if>		<if test="alipayUseId!=null and alipayUseId!=''">		,#{alipayUseId}		</if>		<if test="sinaWeiboID!=null and sinaWeiboID!=''">		,#{sinaWeiboID}		</if>		<if test="score!=0">		,#{score}		</if>	)</insert>		<update id="front.account.update" parameterType="net.jeeshop.services.front.account.bean.Account">		update t_account		  set id=#{id}		<if test="account !=null and account !=''">		,account=#{account}		</if>		<if test="nickname !=null and nickname !=''">		,nickname=#{nickname}		</if>		<if test="password !=null and password !=''">		,password=#{password}		</if>		<if test="accountType!=null and accountType!=''">		,accountType=#{accountType}		</if>		<if test="trueName!=null and trueName!=''">		,trueName=#{trueName}		</if>		<if test="sex!=null and sex!=''">		,sex=#{sex}		</if>		<if test="birthday!=null and birthday!=''">		,birthday=#{birthday}		</if>		<if test="province!=null and province!=''">		,province=#{province}		</if>		<if test="city !=null and city !=''">		,city=#{city}		</if>		<if test="address !=null and address !=''">		,address=#{address}		</if>		<if test="postcode !=null and postcode !=''">		,postcode=#{postcode}		</if>		<if test="cardType !=null and cardType !=''">		,cardType=#{cardType}		</if>		<if test="cardNO !=null and cardNO !=''">		,cardNO=#{cardNO}		</if>		<if test="grade !=0">		,grade=#{grade}		</if>		<if test="amount !=null and amount !=''">		,amount=#{amount}		</if>		<if test="tel !=null and tel !=''">		,tel=#{tel}		</if>		<if test="email !=null and email !=''">		,email=#{email}		</if>		<if test="emailIsActive !=null and emailIsActive !=''">		,emailIsActive=#{emailIsActive}		</if>		<if test="freeze!=null and freeze!=''">		,freeze=#{freeze}		</if>		<if test="lastLoginTime!=null and lastLoginTime!=''">		,lastLoginTime=now()		</if>		<if test="lastLoginIp!=null and lastLoginIp!=''">		,lastLoginIp=#{lastLoginIp}		</if>		<if test="lastLoginArea!=null and lastLoginArea!=''">		,lastLoginArea=#{lastLoginArea}		</if>		<if test="diffAreaLogin!=null and diffAreaLogin!=''">		,diffAreaLogin=#{diffAreaLogin}		</if>		<if test="openId!=null and openId!=''">		,openId=#{openId}		</if>		<if test="accessToken!=null and accessToken!=''">		,accessToken=#{accessToken}		</if>		<if test="sinaWeiboID!=null and sinaWeiboID!=''">		,sinaWeiboID=#{sinaWeiboID}		</if><!-- 		<if test="score!=0"> --><!-- 		,score=#{score} --><!-- 		</if> --><!-- 		<if test="rank!=null and rank!=''"> --><!-- 		,rank=#{rank} --><!-- 		</if> -->		 where 1=1 and id=#{id}	</update>		<update id="front.account.updatePasswordByAccount" parameterType="net.jeeshop.services.front.account.bean.Account">		update t_account set password=#{password} where 1=1 and account=#{account}	</update>		<update id="front.account.updateEmailByAccount" parameterType="net.jeeshop.services.front.account.bean.Account">		update t_account set email=#{email} where 1=1 and account=#{account}	</update>		<select id="front.account.selectOne" parameterType="net.jeeshop.services.front.account.bean.Account" resultType="net.jeeshop.services.front.account.bean.Account">	 select * 	 from t_account t where 1=1 	 <if test="id!=null and id!=''">	 	 and id=#{id}	 </if>	 <if test="account!=null and account!=''">	 	and account=#{account}	 </if>	 <if test="nickname!=null and nickname!=''">	 	and nickname=#{nickname}	 </if>	 <if test="email!=null and email!=''">	 	and email=#{email}	 </if>	 <if test="password!=null and password!=''">	 	and password=#{password}	 </if>	 <if test="openId!=null and openId!=''">		and openId=#{openId}	 </if>	 <if test="alipayUseId!=null and alipayUseId!=''">	    and alipayUseId=#{alipayUseId}	  </if>	 <if test="sinaWeiboID!=null and sinaWeiboID!=''">	    and sinaWeiboID=#{sinaWeiboID}	  </if>	</select>		<select id="front.account.selectById" parameterType="net.jeeshop.services.front.account.bean.Account" resultType="net.jeeshop.services.front.account.bean.Account">	 select * from t_account t where 1=1 and id=#{id} 	</select>		<select id="front.account.selectCount" parameterType="net.jeeshop.services.front.account.bean.Account" resultType="int">	 select count(t.id) c 	 from t_account t where 1=1 	 <if test="id!=null and id!=''">	 	 and id=#{id}	 </if>	 <if test="account!=null and account!=''">	 	and account=#{account}	 </if>	 <if test="nickname!=null and nickname!=''">	 	and nickname=#{nickname}	 </if>	 <if test="email!=null and email!=''">	 	and email=#{email}	 </if>	 <if test="password!=null and password!=''">	 	and password=#{password}	 </if>	</select>		<select id="front.account.selectAccountScore" parameterType="string" resultType="net.jeeshop.services.front.account.bean.Account">	 select account,score,rank  from t_account t where 1=1 and account=#{account}	</select>		<update id="front.account.updateScore" parameterType="net.jeeshop.services.front.account.bean.Account">		update t_account set score=#{score}		<if test="rank!=null and rank!=''">,rank=#{rank}</if>		 where 1=1 and account=#{account} 	</update>	</mapper>