<?xml version="1.0" encoding="GBK"?><!DOCTYPE mapper PUBLIC "-//mybatis.org//DTD Mapper 3.0//EN" "http://mybatis.org/dtd/mybatis-3-mapper.dtd"><!-- create by autoCode,v1.0.0 --><mapper namespace="front.address">	<select id="front.address.selectPageList" parameterType="net.jeeshop.services.front.address.bean.Address" resultType="net.jeeshop.services.front.address.bean.Address">	 select * 	 from t_address t where 1=1  order by id desc  limit #{offset},#{pageSize} 	</select> 	<select id="front.address.selectPageCount" parameterType="net.jeeshop.services.front.address.bean.Address" resultType="java.lang.Integer">	 select count(*) from (select 1 	 from t_address t where 1=1 	 ) a 	</select>		<select id="front.address.selectList" parameterType="net.jeeshop.services.front.address.bean.Address" resultType="net.jeeshop.services.front.address.bean.Address">	 select * 	 from t_address t where 1=1 	 <if test="account!=null and account!=''"> and t.account=#{account} </if>     order by id desc 	</select> 	<insert id="front.address.insert" parameterType="net.jeeshop.services.front.address.bean.Address" useGeneratedKeys="true" keyProperty="id">		insert into t_address		(		id		<if test="account!=null and account!=''">		,account		</if>		<if test="name!=null and name!=''">		,name		</if>		<if test="province!=null and province!=''">		,province		</if>		<if test="city!=null and city!=''">		,city		</if>		<if test="area!=null and area!=''">		,area		</if>		<if test="pcadetail!=null and pcadetail!=''">		,pcadetail		</if>		<if test="address!=null and address!=''">		,address		</if>		<if test="zip!=null and zip!=''">		,zip		</if>		<if test="phone!=null and phone!=''">		,phone		</if>		<if test="mobile!=null and mobile!=''">		,mobile		</if>		<if test="isdefault!=null and isdefault!=''">		,isdefault		</if>		)		values		(		id		<if test="account !=null and account !=''">		,#{account}		</if>		<if test="name !=null and name !=''">		,#{name}		</if>		<if test="province!=null and province!=''">		,#{province}		</if>		<if test="city!=null and city!=''">		,#{city}		</if>		<if test="area!=null and area!=''">		,#{area}		</if>		<if test="pcadetail!=null and pcadetail!=''">		,#{pcadetail}		</if>		<if test="address !=null and address !=''">		,#{address}		</if>		<if test="zip !=null and zip !=''">		,#{zip}		</if>		<if test="phone !=null and phone !=''">		,#{phone}		</if>		<if test="mobile !=null and mobile !=''">		,#{mobile}		</if>		<if test="isdefault !=null and isdefault !=''">		,#{isdefault}		</if>	)</insert>	<update id="front.address.update" parameterType="net.jeeshop.services.front.address.bean.Address">		update t_address		  set id=#{id}		<if test="account !=null and account !=''">		,account=#{account}		</if>		<if test="name !=null and name !=''">		,name=#{name}		</if>		<if test="province!=null and province!=''">		,province=#{province}		</if>		<if test="city!=null and city!=''">		,city=#{city}		</if>		<if test="area!=null and area!=''">		,area=#{area}		</if>		<if test="pcadetail!=null and pcadetail!=''">		,pcadetail=#{pcadetail}		</if>		<if test="address !=null and address !=''">		,address=#{address}		</if>		<if test="zip !=null and zip !=''">		,zip=#{zip}		</if>		<if test="phone !=null and phone !=''">		,phone=#{phone}		</if>		<if test="mobile !=null and mobile !=''">		,mobile=#{mobile}		</if>		<if test="isdefault !=null and isdefault !=''">		,isdefault=#{isdefault}		</if>		 where 1=1 and id=#{id}	</update>	<select id="front.address.selectOne" parameterType="net.jeeshop.services.front.address.bean.Address" resultType="net.jeeshop.services.front.address.bean.Address">	 select * 	 from t_address t where 1=1 and id=#{id}	</select>	<select id="front.address.selectById" parameterType="string" resultType="net.jeeshop.services.front.address.bean.Address">	 select * 	 from t_address t where 1=1 and id=#{id}	</select>	<delete id="front.address.deleteById" parameterType="net.jeeshop.services.front.address.bean.Address">		delete from t_address where 1=1 and id=#{id}	</delete>		<update id="front.address.initAllAddress" parameterType="net.jeeshop.services.front.address.bean.Address">		update t_address set isdefault='n' where account=#{account}	</update>	</mapper>