<?xml version="1.0" encoding="GBK"?><!DOCTYPE mapper PUBLIC "-//mybatis.org//DTD Mapper 3.0//EN" "http://mybatis.org/dtd/mybatis-3-mapper.dtd"><!-- create by autoCode,v1.0.0 --><mapper namespace="front.area">	<select id="front.area.selectPageList" parameterType="net.jeeshop.services.front.area.bean.Area" resultType="net.jeeshop.services.front.area.bean.Area">	 select * from t_area t where 1=1  order by id desc  limit #{offset},#{pageSize} 	</select> 	<select id="front.area.selectPageCount" parameterType="net.jeeshop.services.front.area.bean.Area" resultType="java.lang.Integer">	 select count(*) from (select 1 	 from t_area t where 1=1 	 ) a 	</select>		<select id="front.area.selectList" parameterType="net.jeeshop.services.front.area.bean.Area" resultType="net.jeeshop.services.front.area.bean.Area">	 select * from t_area t where 1=1 order by pcode,code 	</select> 	<select id="front.area.selectOne" parameterType="net.jeeshop.services.front.area.bean.Area" resultType="net.jeeshop.services.front.area.bean.Area">	 select * from t_area t where 1=1 and id=#{id}	</select></mapper>