<?xml version="1.0" encoding="GBK"?><!DOCTYPE mapper PUBLIC "-//mybatis.org//DTD Mapper 3.0//EN" "http://mybatis.org/dtd/mybatis-3-mapper.dtd"><!-- create by autoCode,v1.0.0 --><mapper namespace="front.attribute_link">	<select id="front.attribute_link.selectPageList" parameterType="net.jeeshop.services.front.attribute_link.bean.Attribute_link" resultType="net.jeeshop.services.front.attribute_link.bean.Attribute_link">	 select * 	 from t_attribute_link t where 1=1  order by id desc  limit #{offset},#{pageSize} 	</select> 	<select id="front.attribute_link.selectPageCount" parameterType="net.jeeshop.services.front.attribute_link.bean.Attribute_link" resultType="java.lang.Integer">	 select count(*) from (select 1 	 from t_attribute_link t where 1=1 	 ) a 	</select>		<select id="front.attribute_link.selectList" parameterType="net.jeeshop.services.front.attribute_link.bean.Attribute_link" resultType="net.jeeshop.services.front.attribute_link.bean.Attribute_link">	 select * 	 from t_attribute_link t where 1=1 	 <if test="productID!=0">	 	and productID=#{productID}	 </if> order by id desc 	</select> 	<insert id="front.attribute_link.insert" parameterType="net.jeeshop.services.front.attribute_link.bean.Attribute_link" useGeneratedKeys="true" keyProperty="id">		insert into t_attribute_link		(		id		<if test="attrID!=0">		,attrID		</if>		<if test="productID!=0">		,productID		</if>		<if test="value!=null and value!=''">		,value		</if>		)		values		(		id		<if test="attrID !=0">		,#{attrID}		</if>		<if test="productID !=0">		,#{productID}		</if>		<if test="value !=null and value !=''">		,#{value}		</if>	)</insert>	<update id="front.attribute_link.update" parameterType="net.jeeshop.services.front.attribute_link.bean.Attribute_link">		update t_attribute_link		  set id=#{id}		<if test="attrID !=0">		,attrID=#{attrID}		</if>		<if test="productID !=0">		,productID=#{productID}		</if>		<if test="value !=null and value !=''">		,value=#{value}		</if>		 where 1=1 and id=#{id}	</update>	<select id="front.attribute_link.selectOne" parameterType="net.jeeshop.services.front.attribute_link.bean.Attribute_link" resultType="net.jeeshop.services.front.attribute_link.bean.Attribute_link">	 select 		t.id "id",		t.attrID "attrid",		t.productID "productid",		t.value "value"	 from t_attribute_link t where 1=1 and id=#{id}	</select>	<delete id="front.attribute_link.deleteById" parameterType="net.jeeshop.services.front.attribute_link.bean.Attribute_link">		delete from t_attribute_link where 1=1 and id=#{id}	</delete>		<delete id="front.attribute_link.deleteByCondition" parameterType="net.jeeshop.services.front.attribute_link.bean.Attribute_link">		delete from t_attribute_link where 1=1 		<if test="id!=null and id!=''">			and id=#{id}		</if>		<if test="productID!=0">			and productID=#{productID}		</if>		<if test="attrID!=0">			and attrID=#{attrID}		</if>	</delete></mapper>