<?xml version="1.0" encoding="GBK"?><!DOCTYPE mapper PUBLIC "-//mybatis.org//DTD Mapper 3.0//EN" "http://mybatis.org/dtd/mybatis-3-mapper.dtd"><!-- create by autoCode,v1.0.0 --><mapper namespace="front.commentType">	<select id="front.commentType.selectPageList" parameterType="net.jeeshop.services.front.commentType.bean.CommentType" resultType="net.jeeshop.services.front.commentType.bean.CommentType">	 select * 	 from t_commenttype t where 1=1  order by id  limit #{offset},#{pageSize} 	</select> 	<select id="front.commentType.selectPageCount" parameterType="net.jeeshop.services.front.commentType.bean.CommentType" resultType="java.lang.Integer">	 select count(*) from t_commenttype t where 1=1 	</select> 	<select id="front.commentType.selectOne" parameterType="net.jeeshop.services.front.commentType.bean.CommentType" resultType="net.jeeshop.services.front.commentType.bean.CommentType">	 select * from t_commenttype t where 1=1 and status='y' 	 <if test="id!=null and id!=''"> and id=#{id} </if> 	 <if test="code!=null and code!=''"> and code=#{code} </if> 	</select></mapper>