<?xml version="1.0" encoding="GBK"?><!DOCTYPE mapper PUBLIC "-//mybatis.org//DTD Mapper 3.0//EN" "http://mybatis.org/dtd/mybatis-3-mapper.dtd"><!-- create by autoCode,v1.0.0 --><mapper namespace="front.email">	<select id="front.email.selectPageList" parameterType="net.jeeshop.services.front.email.bean.Email" resultType="net.jeeshop.services.front.email.bean.Email">	 select * 	 from t_email t where 1=1  order by id desc  limit #{offset},#{pageSize} 	</select> 	<select id="front.email.selectPageCount" parameterType="net.jeeshop.services.front.email.bean.Email" resultType="java.lang.Integer">	 select count(*) from (select 1 	 from t_email t where 1=1 	 ) a 	</select> 	<insert id="front.email.insert" parameterType="net.jeeshop.services.front.email.bean.Email" useGeneratedKeys="true" keyProperty="id">		insert into t_email		(		id,createdate		<if test="sign!=null and sign!=''">		,sign		</if>		<if test="account!=null and account!=''">		,account		</if>		<if test="type!=null and type!=''">		,type		</if>		<if test="url!=null and url!=''">		,url		</if>		<if test="starttime!=null and starttime!=''">		,starttime		</if>		<if test="endtime!=null and endtime!=''">		,endtime		</if>		<if test="newEmail!=null and newEmail!=''">		,newEmail		</if>		<if test="sendStatus!=null and sendStatus!=''">		,sendStatus		</if>		)		values		(		id,now()		<if test="sign !=null and sign !=''">		,#{sign}		</if>		<if test="account !=null and account !=''">		,#{account}		</if>		<if test="type !=null and type !=''">		,#{type}		</if>		<if test="url !=null and url !=''">		,#{url}		</if>		<if test="starttime !=null and starttime !=''">		,#{starttime}		</if>		<if test="endtime !=null and endtime !=''">		,#{endtime}		</if>		<if test="newEmail!=null and newEmail!=''">		,#{newEmail}		</if>		<if test="sendStatus!=null and sendStatus!=''">		,#{sendStatus}		</if>	)</insert>	<update id="front.email.update" parameterType="net.jeeshop.services.front.email.bean.Email">		update t_email		  set id=#{id}		<if test="sign !=null and sign !=''">		,sign=#{sign}		</if>		<if test="account !=null and account !=''">		,account=#{account}		</if>		<if test="type !=null and type !=''">		,type=#{type}		</if>		<if test="url !=null and url !=''">		,url=#{url}		</if>		<if test="starttime !=null and starttime !=''">		,starttime=#{starttime}		</if>		<if test="endtime !=null and endtime !=''">		,endtime=#{endtime}		</if>		<if test="newEmail!=null and newEmail!=''">		,newEmail=#{newEmail}		</if>		<if test="status!=null and status!=''">		,status=#{status}		</if>		<if test="sendStatus!=null and sendStatus!=''">		,sendStatus=#{sendStatus}		</if>		 where 1=1 and id=#{id}	</update>	<select id="front.email.selectOne" parameterType="net.jeeshop.services.front.email.bean.Email" resultType="net.jeeshop.services.front.email.bean.Email">	 select * 	 from t_email t where 1=1 	 <if test="sign!=null and sign!=''"> and sign=#{sign} </if>	 <if test="id!=null and id!=''"> and id=#{id} </if>	</select>	<delete id="front.email.deleteById" parameterType="net.jeeshop.services.front.email.bean.Email">		delete from t_email where 1=1 and id=#{id}	</delete>			<update id="front.email.updateEmailInvalidWhenReg" parameterType="net.jeeshop.services.front.email.bean.Email">		update t_email set status='y' where 1=1 and account=#{account} and type='email_reg'	</update></mapper>