<?xml version="1.0" encoding="GBK"?><!DOCTYPE mapper PUBLIC "-//mybatis.org//DTD Mapper 3.0//EN" "http://mybatis.org/dtd/mybatis-3-mapper.dtd"><!-- create by autoCode,v1.0.0 --><mapper namespace="front.emailNotifyProduct">	<select id="front.emailNotifyProduct.selectPageList" parameterType="net.jeeshop.services.front.emailNotifyProduct.bean.EmailNotifyProduct" resultType="net.jeeshop.services.front.emailNotifyProduct.bean.EmailNotifyProduct">	 select 		t.id "id",		t.account "account",		t.receiveEmail "receiveemail",		t.productID "productid",		t.productName "productname",		t.createdate "createdate",		t.notifydate "notifydate",		t.status "status"	 from t_emailnotifyproduct t where 1=1  order by id desc  limit #{offset},#{pageSize} 	</select> 	<select id="front.emailNotifyProduct.selectPageCount" parameterType="net.jeeshop.services.front.emailNotifyProduct.bean.EmailNotifyProduct" resultType="java.lang.Integer">	 select count(*) from t_emailnotifyproduct where 1=1	</select> 	<insert id="front.emailNotifyProduct.insert" parameterType="net.jeeshop.services.front.emailNotifyProduct.bean.EmailNotifyProduct" useGeneratedKeys="true" keyProperty="id">		insert into t_emailnotifyproduct		(		id,createdate		<if test="account!=null and account!=''">		,account		</if>		<if test="receiveEmail!=null and receiveEmail!=''">		,receiveEmail		</if>		<if test="productID!=null and productID!=''">		,productID		</if>		<if test="productName!=null and productName!=''">		,productName		</if>		<if test="status!=null and status!=''">		,status		</if>		)		values		(		id,now()		<if test="account !=null and account !=''">		,#{account}		</if>		<if test="receiveEmail !=null and receiveEmail !=''">		,#{receiveEmail}		</if>		<if test="productID !=null and productID !=''">		,#{productID}		</if>		<if test="productName !=null and productName !=''">		,#{productName}		</if>		<if test="status !=null and status !=''">		,#{status}		</if>	)</insert>		<update id="front.emailNotifyProduct.update" parameterType="net.jeeshop.services.front.emailNotifyProduct.bean.EmailNotifyProduct">		update t_emailnotifyproduct		  set id=#{id}		<if test="account !=null and account !=''">		,account=#{account}		</if>		<if test="receiveEmail !=null and receiveEmail !=''">		,receiveEmail=#{receiveEmail}		</if>		<if test="productID !=null and productID !=''">		,productID=#{productID}		</if>		<if test="productName !=null and productName !=''">		,productName=#{productName}		</if>		<if test="notifydate !=null and notifydate !=''">		,notifydate=#{notifydate}		</if>		<if test="status !=null and status !=''">		,status=#{status}		</if>		 where 1=1 and id=#{id}	</update>		<select id="front.emailNotifyProduct.selectOne" parameterType="net.jeeshop.services.front.emailNotifyProduct.bean.EmailNotifyProduct" resultType="net.jeeshop.services.front.emailNotifyProduct.bean.EmailNotifyProduct">	 select 		t.id "id",		t.account "account",		t.receiveEmail "receiveemail",		t.productID "productid",		t.productName "productname",		t.createdate "createdate",		t.notifydate "notifydate",		t.status "status"	 from t_emailnotifyproduct t where 1=1 and id=#{id}	</select>		<delete id="front.emailNotifyProduct.deleteById" parameterType="net.jeeshop.services.front.emailNotifyProduct.bean.EmailNotifyProduct">		delete from t_emailnotifyproduct where 1=1 and id=#{id}	</delete>		<select id="front.emailNotifyProduct.selectById" parameterType="string" resultType="net.jeeshop.services.front.emailNotifyProduct.bean.EmailNotifyProduct">	 select * from t_emailnotifyproduct t where 1=1 and id=#{id}	</select>		<select id="front.emailNotifyProduct.selectCount" parameterType="net.jeeshop.services.front.emailNotifyProduct.bean.EmailNotifyProduct" resultType="int">	 select count(*) from t_emailnotifyproduct t where 1=1 	 <if test="account!=null and account!=''"> and account=#{account} </if>	 <if test="productID!=null and productID!=''"> and productID=#{productID} </if>	</select></mapper>