<?xml version="1.0" encoding="GBK"?><!DOCTYPE mapper PUBLIC "-//mybatis.org//DTD Mapper 3.0//EN" "http://mybatis.org/dtd/mybatis-3-mapper.dtd"><!-- create by autoCode,v1.0.0 --><mapper namespace="front.navigation">	<select id="front.navigation.selectPageList" parameterType="net.jeeshop.services.front.navigation.bean.Navigation" resultType="net.jeeshop.services.front.navigation.bean.Navigation">	 select * 	 from t_navigation t where 1=1  order by id desc  limit #{offset},#{pageSize} 	</select> 	<select id="front.navigation.selectPageCount" parameterType="net.jeeshop.services.front.navigation.bean.Navigation" resultType="java.lang.Integer">	 select count(*) from (select 1 	 from t_navigation t where 1=1 	 ) a 	</select> 	<select id="front.navigation.selectList" parameterType="net.jeeshop.services.front.navigation.bean.Navigation" resultType="net.jeeshop.services.front.navigation.bean.Navigation">	 select * from t_navigation t where 1=1 order by order1	</select>		<select id="front.navigation.selectOne" parameterType="net.jeeshop.services.front.navigation.bean.Navigation" resultType="net.jeeshop.services.front.navigation.bean.Navigation">	 select * from t_navigation t where 1=1 and id=#{id}	</select></mapper>