<?xml version="1.0" encoding="GBK"?><!DOCTYPE mapper PUBLIC "-//mybatis.org//DTD Mapper 3.0//EN" "http://mybatis.org/dtd/mybatis-3-mapper.dtd"><!-- create by autoCode,v1.0.0 --><mapper namespace="front.notifyTemplate">	<select id="front.notifyTemplate.selectPageList" parameterType="net.jeeshop.services.front.notifyTemplate.bean.NotifyTemplate" resultType="net.jeeshop.services.front.notifyTemplate.bean.NotifyTemplate">	 select 		t.id "id",		t.type "type",		t.code "code",		t.template "template",		t.remark "remark"	 from t_notifytemplate t where 1=1  order by id desc  limit #{offset},#{pageSize} 	</select> 	<select id="front.notifyTemplate.selectPageCount" parameterType="net.jeeshop.services.front.notifyTemplate.bean.NotifyTemplate" resultType="java.lang.Integer">	 select count(*) from (select 1 	 from t_notifytemplate t where 1=1 	 ) a 	</select>		<select id="front.notifyTemplate.selectList" parameterType="net.jeeshop.services.front.notifyTemplate.bean.NotifyTemplate" resultType="net.jeeshop.services.front.notifyTemplate.bean.NotifyTemplate">	 select * 	 from t_notifytemplate t where 1=1  order by id 	</select> 	<insert id="front.notifyTemplate.insert" parameterType="net.jeeshop.services.front.notifyTemplate.bean.NotifyTemplate" useGeneratedKeys="true" keyProperty="id">		insert into t_notifytemplate		(		id		<if test="type!=null and type!=''">		,type		</if>		<if test="code!=null and code!=''">		,code		</if>		<if test="template!=null and template!=''">		,template		</if>		<if test="remark!=null and remark!=''">		,remark		</if>		)		values		(		id		<if test="type !=null and type !=''">		,#{type}		</if>		<if test="code !=null and code !=''">		,#{code}		</if>		<if test="template !=null and template !=''">		,#{template}		</if>		<if test="remark !=null and remark !=''">		,#{remark}		</if>	)</insert>	<update id="front.notifyTemplate.update" parameterType="net.jeeshop.services.front.notifyTemplate.bean.NotifyTemplate">		update t_notifytemplate		  set code=#{code}		<if test="type !=null and type !=''">		,type=#{type}		</if>		<if test="code !=null and code !=''">		,code=#{code}		</if>		<if test="template !=null and template !=''">		,template=#{template}		</if>		<if test="remark !=null and remark !=''">		,remark=#{remark}		</if>		 where 1=1 and code=#{code}	</update>	<select id="front.notifyTemplate.selectOne" parameterType="net.jeeshop.services.front.notifyTemplate.bean.NotifyTemplate" resultType="net.jeeshop.services.front.notifyTemplate.bean.NotifyTemplate">	 select * from t_notifytemplate t where 1=1 	 <if test="id!=null and id!=''"> and id=#{id} </if>	 <if test="code!=null and code!=''"> and code=#{code} </if>	</select>	<delete id="front.notifyTemplate.deleteById" parameterType="net.jeeshop.services.front.notifyTemplate.bean.NotifyTemplate">		delete from t_notifytemplate where 1=1 and id=#{id}	</delete></mapper>