<?xml version="1.0" encoding="GBK"?><!DOCTYPE mapper PUBLIC "-//mybatis.org//DTD Mapper 3.0//EN" "http://mybatis.org/dtd/mybatis-3-mapper.dtd"><!-- create by autoCode,v1.0.0 --><mapper namespace="front.orderdetail">	<select id="front.orderdetail.selectPageList" parameterType="net.jeeshop.services.front.orderdetail.bean.Orderdetail" resultType="net.jeeshop.services.front.orderdetail.bean.Orderdetail">	 select * 	 from t_orderdetail t where 1=1  order by id desc  limit #{offset},#{pageSize} 	</select> 	<select id="front.orderdetail.selectPageCount" parameterType="net.jeeshop.services.front.orderdetail.bean.Orderdetail" resultType="java.lang.Integer">	 select count(*) from t_orderdetail	</select>		<select id="front.orderdetail.selectList" parameterType="net.jeeshop.services.front.orderdetail.bean.Orderdetail" resultType="net.jeeshop.services.front.orderdetail.bean.Orderdetail">	 select t.*,(select p.picture from t_product p where p.id=t.productID) picture from t_orderdetail t where 1=1 	 <if test="orderID!=0"> and orderID=#{orderID} </if>	 <if test="isComment!=null and isComment!=''"> and isComment=#{isComment} </if>	</select> 	<insert id="front.orderdetail.insert" parameterType="net.jeeshop.services.front.orderdetail.bean.Orderdetail" useGeneratedKeys="true" keyProperty="id">		insert into t_orderdetail		(		id		<if test="orderID!=0">		,orderID		</if>		<if test="productID!=0">		,productID		</if>		<if test="giftID!=null and giftID!=''">		,giftID		</if>		<if test="price!=null and price!=''">		,price		</if>		<if test="number!=0">		,number		</if>		<if test="fee!=0">		,fee		</if>		<if test="productName!=null and productName!=''">		,productName		</if>		<if test="total0!=0">		,total0		</if>		<if test="lowStocks!=null and lowStocks!=''">		,lowStocks		</if>		<if test="specInfo!=null and specInfo!=''">		,specInfo		</if>		<if test="score!=0">		,score		</if>		)		values		(		id		<if test="orderID !=0">		,#{orderID}		</if>		<if test="productID !=0">		,#{productID}		</if>		<if test="giftID!=null and giftID!=''">		,#{giftID}		</if>		<if test="price !=null and price !=''">		,#{price}		</if>		<if test="number !=0">		,#{number}		</if>		<if test="fee !=0">		,#{fee}		</if>		<if test="productName!=null and productName!=''">		,#{productName}		</if>		<if test="total0!=0">		,#{total0}		</if>		<if test="lowStocks!=null and lowStocks!=''">		,#{lowStocks}		</if>		<if test="specInfo!=null and specInfo!=''">		,#{specInfo}		</if>		<if test="score!=0">		,#{score}		</if>	)</insert>		<update id="front.orderdetail.update" parameterType="net.jeeshop.services.front.orderdetail.bean.Orderdetail">		update t_orderdetail		  set id=#{id}		<if test="orderID !=0">		,orderID=#{orderID}		</if>		<if test="productID !=0">		,productID=#{productID}		</if>		<if test="giftID!=null and giftID!=''">		,giftID=#{giftID}		</if>		<if test="price !=null and price !=''">		,price=#{price}		</if>		<if test="number !=0">		,number=#{number}		</if>		<if test="fee !=0">		,fee=#{fee}		</if>		<if test="productName!=null and productName!=''">		,productName=#{productName}		</if>		<if test="isComment!=null and isComment!=''">		,isComment=#{isComment}		</if>		<if test="total0!=0">		,total0=#{total0}		</if>		<if test="lowStocks!=null and lowStocks!=''">		,lowStocks=#{lowStocks}		</if>		<if test="specInfo!=null and specInfo!=''">		,specInfo=#{specInfo}		</if>		 where 1=1 and id=#{id}	</update>		<select id="front.orderdetail.selectOne" parameterType="net.jeeshop.services.front.orderdetail.bean.Orderdetail" resultType="net.jeeshop.services.front.orderdetail.bean.Orderdetail">	 select * 	 from t_orderdetail t where 1=1 	 <if test="id!=null">	 	and id=#{id}	 </if>	</select>		<delete id="front.orderdetail.deleteById" parameterType="net.jeeshop.services.front.orderdetail.bean.Orderdetail">		delete from t_orderdetail where 1=1 and id=#{id}	</delete>		<select id="front.orderdetail.selectCount" parameterType="string" resultType="int">	select count(*) from t_orderdetail where 1=1 and orderID=#{orderID}	</select></mapper>