<?xml version="1.0" encoding="GBK"?><!DOCTYPE mapper PUBLIC "-//mybatis.org//DTD Mapper 3.0//EN" "http://mybatis.org/dtd/mybatis-3-mapper.dtd"><!-- create by autoCode,v1.0.0 --><mapper namespace="front.order">	<select id="front.order.selectPageList" parameterType="net.jeeshop.services.front.order.bean.Order" resultType="net.jeeshop.services.front.order.bean.Order"> select * from t_order  where account=#{account} order by id desc   limit #{offset},#{pageSize} 	</select> 	<select id="front.order.selectPageCount" parameterType="net.jeeshop.services.front.order.bean.Order" resultType="java.lang.Integer">	 select count(*) from t_order t where 1=1 and account=#{account}	</select>		<select id="front.order.selectList" parameterType="net.jeeshop.services.front.order.bean.Order" resultType="net.jeeshop.services.front.order.bean.Order">	 SELECT o.*,od.price,od.number productNumber,od.productName,od.productID,od.isComment,od.id orderdetailID,	 (select p.picture from t_product p where p.id=od.productID) picture	  FROM t_order o,t_orderdetail od  	where o.id=od.orderid and account=#{account} 	<if test="queryOrderIDs!=null and queryOrderIDs.size &gt; 0">	  and o.id in <foreach item="item" index="index" collection="queryOrderIDs" open="(" separator="," close=")">    			#{item}   		</foreach> 	</if>	order by o.id desc 	</select>		<select id="front.order.selectOrderInfo" parameterType="net.jeeshop.services.front.order.bean.Order" resultType="net.jeeshop.services.front.order.bean.Order">	 SELECT o.*,od.price,od.number productNumber,od.productName,od.productID,od.isComment,od.id orderdetailID,	 (select p.picture from t_product p where p.id=od.productID) picture	  FROM t_order o,t_orderdetail od  	where o.id=od.orderid and account=#{account} and o.id=#{id} 	</select> 	<insert id="front.order.insert" parameterType="net.jeeshop.services.front.order.bean.Order" useGeneratedKeys="true" keyProperty="id">		insert into t_order		(		id,createdate,status,paystatus		<if test="account!=null and account!=''">		,account		</if>		<if test="rebate!=null and rebate!=''">		,rebate		</if>		<if test="remark!=null and remark!=''">		,remark		</if>		<if test="amount!=null">		,amount		</if>		<if test="amountExchangeScore!=0">		,amountExchangeScore		</if>		<if test="ptotal!=null">		,ptotal		</if>		<if test="quantity!=0">		,quantity		</if>		<if test="fee!=null">		,fee		</if>		<if test="expressCode!=null and expressCode!=''">		,expressCode		</if>		<if test="expressName!=null and expressName!=''">		,expressName		</if>		<if test="otherRequirement!=null and otherRequirement!=''">		,otherRequirement		</if>		<if test="closedComment!=null and closedComment!=''">		,closedComment		</if>		<if test="score!=0">		,score		</if>		)		values		(		id,now(),#{status},#{paystatus}		<if test="account !=null and account !=''">		,#{account}		</if>		<if test="rebate !=null and rebate !=''">		,#{rebate}		</if>		<if test="remark !=null and remark !=''">		,#{remark}		</if>		<if test="amount!=null">		,#{amount}		</if>		<if test="amountExchangeScore!=0">		,#{amountExchangeScore}		</if>		<if test="ptotal!=null">		,#{ptotal}		</if>		<if test="quantity!=0">		,#{quantity}		</if>		<if test="fee!=null">		,#{fee}		</if>		<if test="expressCode!=null and expressCode!=''">		,#{expressCode}		</if>		<if test="expressName!=null and expressName!=''">		,#{expressName}		</if>		<if test="otherRequirement!=null and otherRequirement!=''">		,#{otherRequirement}		</if>		<if test="closedComment!=null and closedComment!=''">		,#{closedComment}		</if>		<if test="score!=0">		,#{score}		</if>	)</insert>		<update id="front.order.update" parameterType="net.jeeshop.services.front.order.bean.Order">		update t_order		  set id=#{id}		<if test="status!=null and status!=''">		,status=#{status}		</if>		<if test="refundStatus !=null and refundStatus !=''">		,refundStatus=#{refundStatus}		</if>		<if test="paystatus!=null and paystatus!=''">		,paystatus=#{paystatus}		</if>		<if test="account !=null and account !=''">		,account=#{account}		</if>		<if test="rebate !=null and rebate !=''">		,rebate=#{rebate}		</if>		<if test="remark !=null and remark !=''">		,remark=#{remark}		</if>		<if test="amount!=0">		,amount=#{amount}		</if>		<if test="ptotal!=0">		,ptotal=#{ptotal}		</if>		<if test="quantity!=0">		,quantity=#{quantity}		</if>		<if test="expressCode!=null and expressCode!=''">		,expressCode=#{expressCode}		</if>		<if test="expressName!=null and expressName!=''">		,expressName=#{expressName}		</if>		<if test="otherRequirement!=null and otherRequirement!=''">		,otherRequirement=#{otherRequirement}		</if>		<if test="lowStocks!=null and lowStocks!=''">		,lowStocks=#{lowStocks}		</if>		<if test="closedComment!=null and closedComment!=''">		,closedComment=#{closedComment}		</if>		 where 1=1 and id=#{id}	</update>		<select id="front.order.selectOne" parameterType="net.jeeshop.services.front.order.bean.Order" resultType="net.jeeshop.services.front.order.bean.Order">	 select * from t_order t where 1=1 and id=#{id}	</select>		<select id="front.order.selectById" parameterType="string" resultType="net.jeeshop.services.front.order.bean.Order">	 select * from t_order t where 1=1 and id=#{id}	</select>		<select id="front.order.selectOrdersSimpleReport" parameterType="string" resultType="net.jeeshop.services.front.order.bean.OrderSimpleReport">SELECT (SELECT count(*) FROM t_order where account=#{account} and paystatus='n' and status!='cancel') orderWaitPayCount,(SELECT count(*) FROM t_order where account=#{account} and status='cancel') orderCancelCount,(SELECT count(*) FROM t_order where account=#{account} and status in ('sign','file')) orderCompleteCountFROM t_systemsetting 	</select>		<delete id="front.order.deleteById" parameterType="net.jeeshop.services.front.order.bean.Order">		delete from t_order where 1=1 and id=#{id}	</delete></mapper>