<?xml version="1.0" encoding="GBK"?><!DOCTYPE mapper PUBLIC "-//mybatis.org//DTD Mapper 3.0//EN" "http://mybatis.org/dtd/mybatis-3-mapper.dtd"><!-- create by autoCode,v1.0.0 --><mapper namespace="front.orderpay">	<select id="front.orderpay.selectPageList" parameterType="net.jeeshop.services.front.orderpay.bean.Orderpay" resultType="net.jeeshop.services.front.orderpay.bean.Orderpay">	 select * from t_orderpay t where 1=1  order by id desc  limit #{offset},#{pageSize} 	</select> 	<select id="front.orderpay.selectPageCount" parameterType="net.jeeshop.services.front.orderpay.bean.Orderpay" resultType="java.lang.Integer">	 select count(*) from (select 1 	 from t_orderpay t where 1=1 	 ) a 	</select>		<select id="front.orderpay.selectList" parameterType="net.jeeshop.services.front.orderpay.bean.Orderpay" resultType="net.jeeshop.services.front.orderpay.bean.Orderpay">	 select * 	 from t_orderpay t where 1=1  order by id desc 	</select> 	<insert id="front.orderpay.insert" parameterType="net.jeeshop.services.front.orderpay.bean.Orderpay" useGeneratedKeys="true" keyProperty="id">		insert into t_orderpay		(		id,createtime		<if test="orderid!=null and orderid!=''">		,orderid		</if>		<if test="paystatus!=null and paystatus!=''">		,paystatus		</if>		<if test="payamount!=0">		,payamount		</if>		<if test="paymethod!=null and paymethod!=''">		,paymethod		</if>		<if test="confirmdate!=null and confirmdate!=''">		,confirmdate		</if>		<if test="confirmuser!=null and confirmuser!=''">		,confirmuser		</if>		)		values		(		id,now()		<if test="orderid !=null and orderid !=''">		,#{orderid}		</if>		<if test="paystatus !=null and paystatus !=''">		,#{paystatus}		</if>		<if test="payamount!=0">		,#{payamount}		</if>		<if test="paymethod!=null and paymethod!=''">		,#{paymethod}		</if>		<if test="confirmdate !=null and confirmdate !=''">		,#{confirmdate}		</if>		<if test="confirmuser !=null and confirmuser !=''">		,#{confirmuser}		</if>	)</insert>	<update id="front.orderpay.update" parameterType="net.jeeshop.services.front.orderpay.bean.Orderpay">		update t_orderpay		  set id=#{id}		<if test="orderid !=null and orderid !=''">		,orderid=#{orderid}		</if>		<if test="paystatus !=null and paystatus !=''">		,paystatus=#{paystatus}		</if>		<if test="payamount !=null and payamount !=''">		,payamount=#{payamount}		</if>		<if test="createtime !=null and createtime !=''">		,createtime=#{createtime}		</if>		<if test="paymethod!=null and paymethod!=''">		,paymethod=#{paymethod}		</if>		<if test="confirmdate !=null and confirmdate !=''">		,confirmdate=#{confirmdate}		</if>		<if test="confirmuser !=null and confirmuser !=''">		,confirmuser=#{confirmuser}		</if>		<if test="tradeNo !=null and tradeNo !=''">		,tradeNo=#{tradeNo}		</if>		 where 1=1 and id=#{id}	</update>	<select id="front.orderpay.selectOne" parameterType="net.jeeshop.services.front.orderpay.bean.Orderpay" resultType="net.jeeshop.services.front.orderpay.bean.Orderpay">	 select * from t_orderpay t where 1=1 and id=#{id}	</select>		<select id="front.orderpay.selectById" parameterType="net.jeeshop.services.front.orderpay.bean.Orderpay" resultType="net.jeeshop.services.front.orderpay.bean.Orderpay">	 select * from t_orderpay t where 1=1 and id=#{id}	</select></mapper>