<?xml version="1.0" encoding="GBK"?><!DOCTYPE mapper PUBLIC "-//mybatis.org//DTD Mapper 3.0//EN" "http://mybatis.org/dtd/mybatis-3-mapper.dtd"><!-- create by autoCode,v1.0.0 --><mapper namespace="front.questionnaireItem">	<select id="front.questionnaireItem.selectPageList" parameterType="net.jeeshop.services.front.questionnaireItem.bean.QuestionnaireItem" resultType="net.jeeshop.services.front.questionnaireItem.bean.QuestionnaireItem">	 select * from t_questionnaireitem t where 1=1  order by id desc  limit #{offset},#{pageSize} 	</select> 	<select id="front.questionnaireItem.selectPageCount" parameterType="net.jeeshop.services.front.questionnaireItem.bean.QuestionnaireItem" resultType="java.lang.Integer">	 select count(*) from t_questionnaireitem t where 1=1 	</select>		<select id="front.questionnaireItem.selectList" parameterType="net.jeeshop.services.front.questionnaireItem.bean.QuestionnaireItem" resultType="net.jeeshop.services.front.questionnaireItem.bean.QuestionnaireItem">	 select * from t_questionnaireitem t where 1=1 	 <if test="qid!=null and qid!=''"> and qid=#{qid} </if> order by order1 	</select> 	<insert id="front.questionnaireItem.insert" parameterType="net.jeeshop.services.front.questionnaireItem.bean.QuestionnaireItem" useGeneratedKeys="true" keyProperty="id">		insert into t_questionnaireitem		(		id		<if test="qid!=null and qid!=''">		,qid		</if>		<if test="subject!=null and subject!=''">		,subject		</if>		<if test="option1!=null and option1!=''">		,option1		</if>		<if test="type!=null and type!=''">		,type		</if>		<if test="order1!=0">		,order1		</if>		)		values		(		id		<if test="qid !=null and qid !=''">		,#{qid}		</if>		<if test="subject !=null and subject !=''">		,#{subject}		</if>		<if test="option1 !=null and option1 !=''">		,#{option1}		</if>		<if test="type !=null and type !=''">		,#{type}		</if>		<if test="order1!=0">		,#{order1}		</if>	)</insert>	<update id="front.questionnaireItem.update" parameterType="net.jeeshop.services.front.questionnaireItem.bean.QuestionnaireItem">		update t_questionnaireitem		  set id=#{id}		<if test="qid !=null and qid !=''">		,qid=#{qid}		</if>		<if test="subject !=null and subject !=''">		,subject=#{subject}		</if>		<if test="option1 !=null and option1 !=''">		,option1=#{option1}		</if>		<if test="type !=null and type !=''">		,type=#{type}		</if>		<if test="order1!=0">		,order1=#{order1}		</if>		 where 1=1 and id=#{id}	</update>	<select id="front.questionnaireItem.selectOne" parameterType="net.jeeshop.services.front.questionnaireItem.bean.QuestionnaireItem" resultType="net.jeeshop.services.front.questionnaireItem.bean.QuestionnaireItem">	 select * from t_questionnaireitem t where 1=1 and id=#{id}	</select>		<select id="front.questionnaireItem.selectById" parameterType="net.jeeshop.services.front.questionnaireItem.bean.QuestionnaireItem" resultType="net.jeeshop.services.front.questionnaireItem.bean.QuestionnaireItem">	 select * from t_questionnaireitem t where 1=1 and id=#{id}	</select>		<select id="front.questionnaireItem.uniqeItem" parameterType="net.jeeshop.services.front.questionnaireItem.bean.QuestionnaireItem" resultType="int">	 select count(*) from t_questionnaireitem t where 1=1 and qid=#{qid} and subject=#{subject} 	</select>		<delete id="front.questionnaireItem.deleteById" parameterType="net.jeeshop.services.front.questionnaireItem.bean.QuestionnaireItem">		delete from t_questionnaireitem where 1=1 and id=#{id}	</delete></mapper>