<?xml version="1.0" encoding="GBK"?><!DOCTYPE mapper PUBLIC "-//mybatis.org//DTD Mapper 3.0//EN" "http://mybatis.org/dtd/mybatis-3-mapper.dtd"><!-- create by autoCode,v1.0.0 --><mapper namespace="front.questionnaire">	<select id="front.questionnaire.selectPageList" parameterType="net.jeeshop.services.front.questionnaire.bean.Questionnaire" resultType="net.jeeshop.services.front.questionnaire.bean.Questionnaire">	 select * 	 from t_questionnaire t where 1=1  order by id desc  limit #{offset},#{pageSize} 	</select> 	<select id="front.questionnaire.selectPageCount" parameterType="net.jeeshop.services.front.questionnaire.bean.Questionnaire" resultType="java.lang.Integer">	 select count(*) from t_questionnaire t where 1=1 	</select> 	<update id="front.questionnaire.update" parameterType="net.jeeshop.services.front.questionnaire.bean.Questionnaire">		update t_questionnaire		  set id=#{id}		<if test="title !=null and title !=''">		,title=#{title}		</if>		<if test="title2 !=null and title2 !=''">		,title2=#{title2}		</if>		<if test="createdate !=null and createdate !=''">		,createdate=#{createdate}		</if>		<if test="updatedate !=null and updatedate !=''">		,updatedate=#{updatedate}		</if>		<if test="createAccount !=null and createAccount !=''">		,createAccount=#{createAccount}		</if>		<if test="updateAccount !=null and updateAccount !=''">		,updateAccount=#{updateAccount}		</if>		<if test="status !=null and status !=''">		,status=#{status}		</if>		<if test="showStartDate !=null and showStartDate !=''">		,showStartDate=#{showStartDate}		</if>		<if test="showEndDate !=null and showEndDate !=''">		,showEndDate=#{showEndDate}		</if>		 where 1=1 and id=#{id}	</update>		<select id="front.questionnaire.selectOne" parameterType="net.jeeshop.services.front.questionnaire.bean.Questionnaire" resultType="net.jeeshop.services.front.questionnaire.bean.Questionnaire">	 select * 	 from t_questionnaire t where 1=1 and id=#{id} and status='y' 	</select>		<select id="front.questionnaire.selectById" parameterType="net.jeeshop.services.front.questionnaire.bean.Questionnaire" resultType="net.jeeshop.services.front.questionnaire.bean.Questionnaire">	 select * from t_questionnaire t where 1=1 and id=#{id} and status='y' 	</select></mapper>