<?xml version="1.0" encoding="GBK"?><!DOCTYPE mapper PUBLIC "-//mybatis.org//DTD Mapper 3.0//EN" "http://mybatis.org/dtd/mybatis-3-mapper.dtd"><!-- create by autoCode,v1.0.0 --><mapper namespace="front.questionnaireResult">	<select id="front.questionnaireResult.selectPageList" parameterType="net.jeeshop.services.front.questionnaireResult.bean.QuestionnaireResult" resultType="net.jeeshop.services.front.questionnaireResult.bean.QuestionnaireResult">	 select 		t.id "id",		t.qid "qid",		t.account "account",		t.qItemID "qitemid",		t.text "text"	 from t_questionnaireresult t where 1=1  order by id desc  limit #{offset},#{pageSize} 	</select> 	<select id="front.questionnaireResult.selectPageCount" parameterType="net.jeeshop.services.front.questionnaireResult.bean.QuestionnaireResult" resultType="java.lang.Integer">	 select count(*) from t_questionnaireresult t where 1=1 	</select> 	<insert id="front.questionnaireResult.insert" parameterType="net.jeeshop.services.front.questionnaireResult.bean.QuestionnaireResult" useGeneratedKeys="true" keyProperty="id">		insert into t_questionnaireresult		(		id		<if test="qid!=null and qid!=''">		,qid		</if>		<if test="account!=null and account!=''">		,account		</if>		<if test="qItemID!=null and qItemID!=''">		,qItemID		</if>		<if test="text!=null and text!=''">		,text		</if>		)		values		(		id		<if test="qid !=null and qid !=''">		,#{qid}		</if>		<if test="account !=null and account !=''">		,#{account}		</if>		<if test="qItemID !=null and qItemID !=''">		,#{qItemID}		</if>		<if test="text !=null and text !=''">		,#{text}		</if>	)</insert>	<update id="front.questionnaireResult.update" parameterType="net.jeeshop.services.front.questionnaireResult.bean.QuestionnaireResult">		update t_questionnaireresult		  set id=#{id}		<if test="qid !=null and qid !=''">		,qid=#{qid}		</if>		<if test="account !=null and account !=''">		,account=#{account}		</if>		<if test="qItemID !=null and qItemID !=''">		,qItemID=#{qItemID}		</if>		<if test="text !=null and text !=''">		,text=#{text}		</if>		 where 1=1 and id=#{id}	</update>	<select id="front.questionnaireResult.selectOne" parameterType="net.jeeshop.services.front.questionnaireResult.bean.QuestionnaireResult" resultType="net.jeeshop.services.front.questionnaireResult.bean.QuestionnaireResult">	 select 		t.id "id",		t.qid "qid",		t.account "account",		t.qItemID "qitemid",		t.text "text"	 from t_questionnaireresult t where 1=1 and id=#{id}	</select>		<select id="front.questionnaireResult.selectById" parameterType="net.jeeshop.services.front.questionnaireResult.bean.QuestionnaireResult" resultType="net.jeeshop.services.front.questionnaireResult.bean.QuestionnaireResult">	 select * from questionnaireResult t where 1=1 and id=#{id}	</select>		<delete id="front.questionnaireResult.deleteById" parameterType="net.jeeshop.services.front.questionnaireResult.bean.QuestionnaireResult">		delete from t_questionnaireresult where 1=1 and id=#{id}	</delete></mapper>