<?xml version="1.0" encoding="GBK"?><!DOCTYPE mapper PUBLIC "-//mybatis.org//DTD Mapper 3.0//EN" "http://mybatis.org/dtd/mybatis-3-mapper.dtd"><!-- create by autoCode,v1.0.0 --><mapper namespace="front.systemlog">	<select id="front.systemlog.selectPageList" parameterType="net.jeeshop.services.front.systemlog.bean.Systemlog" resultType="net.jeeshop.services.front.systemlog.bean.Systemlog">	 select 		t.id "id",		t.title "title",		t.content "content",		t.type "type",		t.createdate "createdate"	 from t_systemlog t where 1=1  order by id desc  limit #{offset},#{pageSize} 	</select> 	<select id="front.systemlog.selectPageCount" parameterType="net.jeeshop.services.front.systemlog.bean.Systemlog" resultType="java.lang.Integer">	 select count(*) from (select 1 	 from t_systemlog t where 1=1 	 ) a 	</select> 	<insert id="front.systemlog.insert" parameterType="net.jeeshop.services.front.systemlog.bean.Systemlog" useGeneratedKeys="true" keyProperty="id">		insert into t_systemlog		(		id,createdate		<if test="title!=null and title!=''">		,title		</if>		<if test="content!=null and content!=''">		,content		</if>		<if test="type!=0">		,type		</if>		)		values		(		id,now()		<if test="title !=null and title !=''">		,#{title}		</if>		<if test="content !=null and content !=''">		,#{content}		</if>		<if test="type !=0">		,#{type}		</if>	)</insert>	<update id="front.systemlog.update" parameterType="net.jeeshop.services.front.systemlog.bean.Systemlog">		update t_systemlog		  set id=#{id}		<if test="title !=null and title !=''">		,title=#{title}		</if>		<if test="content !=null and content !=''">		,content=#{content}		</if>		<if test="type !=0">		,type=#{type}		</if>		 where 1=1 and id=#{id}	</update>	<select id="front.systemlog.selectOne" parameterType="net.jeeshop.services.front.systemlog.bean.Systemlog" resultType="net.jeeshop.services.front.systemlog.bean.Systemlog">	 select 		t.id "id",		t.title "title",		t.content "content",		t.type "type",		t.createdate "createdate"	 from t_systemlog t where 1=1 and id=#{id}	</select>	<delete id="front.systemlog.deleteById" parameterType="net.jeeshop.services.front.systemlog.bean.Systemlog">		delete from t_systemlog where 1=1 and id=#{id}	</delete></mapper>