<?xml version="1.0" encoding="GBK"?><!DOCTYPE mapper PUBLIC "-//mybatis.org//DTD Mapper 3.0//EN" "http://mybatis.org/dtd/mybatis-3-mapper.dtd"><!-- create by autoCode,v1.0.0 --><mapper namespace="front.systemSetting">	<select id="front.systemSetting.selectPageList" parameterType="net.jeeshop.services.front.systemSetting.bean.SystemSetting" resultType="net.jeeshop.services.front.systemSetting.bean.SystemSetting">	 select * 	 from t_systemsetting t where 1=1  order by id desc  limit #{offset},#{pageSize} 	</select> 	<select id="front.systemSetting.selectPageCount" parameterType="net.jeeshop.services.front.systemSetting.bean.SystemSetting" resultType="java.lang.Integer">	 select count(*) from t_systemsetting t where 1=1 	</select> 	<select id="front.systemSetting.selectOne" parameterType="net.jeeshop.services.front.systemSetting.bean.SystemSetting" resultType="net.jeeshop.services.front.systemSetting.bean.SystemSetting">	 select * from t_systemsetting t where 1=1 limit 0,1	</select>	<delete id="front.systemSetting.deleteById" parameterType="net.jeeshop.services.front.systemSetting.bean.SystemSetting">		delete from t_systemsetting where 1=1 and id=#{id}	</delete></mapper>