<?xml version="1.0" encoding="UTF-8"?>
<!DOCTYPE mapper PUBLIC 
"-//mybatis.org//DTD Mapper 3.0//EN" 
"http://mybatis.org/dtd/mybatis-3-mapper.dtd">
<mapper namespace="menu">
	<select id="menu.selectList" parameterType="hashMap" resultType="net.jeeshop.core.system.bean.Menu">
		SELECT m.* FROM t_menu m,t_privilege p where m.id=p.mid 
		<if test="rid!=null and rid!=''">
			and p.rid=#{rid}
		</if>
		<if test="id!=null and id!=''">
			and m.id=#{id}
		</if>
		<if test="pid!=null and pid!=''">
			and m.pid=#{pid}
		</if> 
		group by m.id,m.pid,m.url,m.name,m.orderNum,m.type 
		order by m.orderNum
	</select>
	
	<select id="menu.selectMenus" parameterType="net.jeeshop.core.system.bean.Menu" resultType="net.jeeshop.core.system.bean.Menu">
		SELECT m.* FROM t_menu m where 1=1 
		<if test="id!=null and id!=''">
			and m.id=#{id}
		</if>
		<if test="pid!=null and pid!=''">
			and m.pid=#{pid}
		</if> order by m.orderNum
	</select>
	
	<select id="menu.getCount" parameterType="net.jeeshop.core.system.bean.Menu" resultType="java.lang.Integer">
		SELECT count(*) FROM t_menu m where 1=1 
		<if test="id!=null and id!=''">
			and m.id=#{id}
		</if>
		<if test="pid!=null and pid!=''">
			and m.pid=#{pid}
		</if>
	</select>
	
	<select id="menu.selectOne" parameterType="net.jeeshop.core.system.bean.Menu" resultType="net.jeeshop.core.system.bean.Menu">
		SELECT m.* FROM t_menu m where 1=1 
		<if test="id!=null and id!=''">
			and m.id=#{id}
		</if>
		<if test="pid!=null and pid!=''">
			and m.pid=#{pid}
		</if>
	</select>
	<insert id="menu.insert" parameterType="net.jeeshop.core.system.bean.Menu" useGeneratedKeys="true" keyProperty="id">
		insert into t_menu (id,pid,url,name,orderNum,type) values (id,#{pid},#{url},#{name},#{orderNum},#{type})
	</insert>
	<update id="menu.update" parameterType="net.jeeshop.core.system.bean.Menu">
		update t_menu set id=#{id}
		<if test="pid!=null and pid!=''">
			,pid=#{pid}
		</if>
		<if test="url!=null and url!=''">
			,url=#{url}
		</if>
		<if test="name!=null and name!=''">
			,name=#{name}
		</if>
		<if test="orderNum!=null and orderNum!=''">
			,orderNum=#{orderNum}
		</if> 
		<if test="type!=null and type!=''">
			,type=#{type}
		</if> 
		where id=#{id}
	</update>
	<delete id="menu.delete" parameterType="net.jeeshop.core.system.bean.Menu">
		delete from t_menu where id=#{id}
	</delete>
</mapper>  
